MINT,MINT_PRICE
ARpeUS83c4UmABzrxiDydGCBAKHa3VdWgdAyZJNiGtq9,10
DvNKhE8ifYBASfZRcePjXkdasCEFEnMTTgdRserQwy7F,0.01347032
CfDRvBrv31sCkwD8dbyoA6rNSCSnKGmyWF5zmyPZVasj,0.06222032
6CPnudNjPKVTuCKXHAsjKetnptTcVtmzJrrAJkaBcR3m,0.01847032
pZshvDzSWqLn7mct72NHXq8A6ToYR7NKmeVS5Aae1tj,0.01847032
AJGAwr27RHX3xiEt6oi1Y98Y9cezKZFHb7ZYTTB193mD,0.70847032
5NDkfWr7DAdGTfCSt6minMAprHDjbd8vKKWxXm4q35ai,0.30847032
R7XoroPBW1gfevvGmpRUb7vXmUGGzHz82wQ97AwbPxQ,0.00847032
7jPLwoTAQLHkqP3VgnhQonEBu6hWBQ1zYUApBpzsUiE3,0.01347032
D2VBE7EWxj7Js9GYcdEhZrFJpSDvoz1LytspFSmQM5pK,0.44847032
3i6xYHp4LrBDjx6rzn52Vr5VGNf8112WenXoMLPzgeMM,0.50847032
AE6ZxsrwqWmuQsk5eReBGEBUtsXhZr4zt2fCZdzbfPAU,0.11097032
3GpMrouiWT6kLTkcPw1t8WsUvQRymsGW2kbw4w2N7Zcj,1.50847032
HBnGaLNaAWmXAZDoNKbZMCCT9ePzFpnLS7ABhAkk3FCp,0.30847032
Gmm8UNsc8TfEw1Y754YRGogoNpVAXW9HG7hXaxfwqxDn,0.06222032
DzQSU265KTGS7EjGm3YwjZZX5VWTsdx34ywD8C97peaE,0.00847032
FL1y8QNeA3VWvXNtc3p5TbzVVJkP7f7DU2cgjC23hgy4,0.17789032
Gbe9JHxaWc1Qx1SDgRofDJKjei75aSfiL6sZXjgemA6L,0.55847032
A2ZF94LdNM8bYdGgrFSREuuKy9tgyugQ1dP8XBza1W7Y,2.00847032
C9VaCWDyBdoGvMPCmV7QePYAdHkz5xxKdWNZHF7hA6kr,0.01347032
6oPc7SHCWeHVN3pAz344fUmUB6egTBSJFRtj9ytcVFNP,0.72847032
3k7tYEuEKkwpcd7eXgrs8BaBAUEZ7o5iF8ATrsvh4mdt,0.00847032
Exq9zYVkwubJBWkNsJ6Z14mimcpjiq9HRnxu4ymx5onn,0.55847032
2uiLM1eHcFuXVhe2TMMRdhiDGiGLrCK9hLMA7Xh8qSoc,0.00561672
9nCP7QnPSPFdQf4hJbvvC6C9zLnNSYJEX5qqLjvkoLy7,1.00847032
2Xq35Tk7g7mFxqKFXZsDYqxHEe4Tu5Rckv8TZRY8dQPQ,0.01347032
5MbtkHuSy3UZbPFS7Uq7M4cQxNSWEiwUNXs18DXE8vXA,0.11097032
GiaVUPJ5rHtYVhMpXtYJdYriwHhZCDJgyGCj4erYZTk4,0.06222032
7PVhHeknyJ4s9sKX7eGN12LQVscDzreMZunZmPuDSLvH,0.50847032
65mJkj7h7ACxAUagaSW6YQjGgpRHUcr5Qi6tuWSL7xVS,0.10847032
HBEvme779TLQUCQX3oVNZDqobSAJyuKvj7oQ99wJ4rZv,0.99847032
EXoX5U3Vu3RuicQ3FTxfzDKN3P6Q5FmdijCu4zLyV9Rf,0.06222032
DZA1hki4VskGNiVewXPTGAFthtdcNn5CFGnwCyryVvGV,0.01347032
78FHj8qHAHQJ9JNQBbJcCHWhYCh6vqhzfqCN6S2oZnF4,0.25847032
6iahxoPS6bNf5MiMkpHAivTjt9q1X98fsFxLrv5DXs9P,0.01347032
xKu7mKBaTCs4AyWFjzB5oCJtt9YdWjtjpKXb1kqxfNz,0.10122032
9yRcyBtj84q6BNhcXaSVMeT8svKWcV4Xcty3UZjdLMSM,0.06222032
CQk3gKkpe9nUM5LYDsam9CaaQMA85eovMhFwRmh2Zzce,0.38847032
74wtyuqN4D3QvensZgmT5mbWaGthDGTXWd1SiybzgBQB,0.00847032
EqobTos8eDZifK9rXQkT7DWBofZ9L45nM17h7ZwLfwWq,1.00847032
Lv7Fh7voyk1BxNAonEp2J39QuaxM8nMNkTqzan9QAYa,0.70847032
HWNgLRoLYHtJPM4dy4NF9rh9CRSUqnNrupvMdKokqNXJ,2.00847032
HH3S29VtnKk8ptCPL4xedeGDJSUgLoUfxJDfEyAZCE2F,0.11847032
EYvvPw8wKtETQpgP9Qt86DRP8uGD6WzvHgUicH1ZgWAH,0.67447032
9EyXCcR3cSMw5zJZ4AcyNrpdYJbx72cqj7Xys4Ru5HR4,0.02322032
HVuonkcVpNgHrMr2B58kiNqKG6ychDEytFAYpHPZFoK4,0.04272032
8Gm9JkvqbsywHoj9SgXP7HPER4Gm5qu4ep31nSuywvf,0.55847032
C68Yy7GWnqUkaH6WjHgGfkqjfFKSkk82wBMc91sjiLoD,2.00847032
4V7h2ye6zgShqg4uRWLxic8GqnpA2hFFcLo2TpggUoqw,0.50847032
2FAPTV2Ec9YLxm2Vafwdn1Y8zfM3XDue5FuKNtoEahtB,0.02322032
AjCe11YdYCzpiFthRdsUw7tRKQ3AuBmAN1Nwt5odSGM6,0.00847032
6PXozsceiSxaUMcKG5ND1u7LdxQ9mMFcFH152snZxdke,0.11847032
245o9GgWiFC6ot1MWUGTWeozSA8nkCYGyyiEcEKCGYcW,0.50847032
1dxcWqAFnfTKBnQwRoggSHS8PgfNiMUQ2PGvidcKVba,0.18897032
AYVX8zvQN4Tv4ZnLHbLEqh78oNNJoE3zsYszbrRnmpur,0.20847032
7YSXe14mpeKjjFNYFw1z6ukE5r53v74ccpcLEy7Nh3gE,2.00847032
He7NtsHBbhGCTyuFmPkfmFmfzUWTBZ8A7v2JVNfQ8TC6,0.25847032
84oduB7ZLrn9e5ygVo9Aj7o15EsZfmJ2R47JmhMbNLyp,0.00847032
87G5oPWKNQDmwgPALfVyMvnqbbAJZxxviaHWA7MuXb7q,0.67447032
9CZ6omChGJSqvqwQKbRyC6nRwrmsyEBsgGy7VGoQ19gu,0.01847032
Dk7yzbCP8dunkD1iKaPuqmAREXNncfdeF6tJ3ZU44KfM,0.06222032
8y2qFVAbDAiprP9eVxm8RU913JKnaMwnVWvLsqMYX5JD,0.01347032
2mNwcgW8tJMrT6uYZvQGeRcGAZRzEvL7ne3oEg8UFScj,0.00847032
6XJ3EjaA5wEb2iJr4Ue7r9G92rXbx5hT4xGBp3iRBwsq,0.06222032
DziECFtstgjbAVhAUKR9UqQCWQ6fC2K5Qj5XL8EoFZsy,1.67447032
324kfVjkLo8FxnouWJXma5xrRbCHJ3UxXLVfLH3d3Nrf,0.00947032
34n1hSVzQoKQQWkWyepNeDdv8JHSQrKNpeNeSR9TNiUe,0.77847032
FCG85SoQerXT3Qap7tA4h3Mab12JVyeKaVK6eXtZCfUd,0.03297032
94UXVQoYVgZfEb2jVkRsqNNMxk6MuZaEVnjEKzZdU8rS,1.00847032
FWyqEHUXhv6D8neYu4ckSpBgVxJYiXRizKymwn61HxfP,0.11097032
3qqP886zDYPRzXtcDHyu1XuR9NTpzaZB62mVEUQtSPNA,1.50847032
C7qaYv8Rhrzmeqct2kjnxmZYhEGYnxwKrUu7WA7D43jy,1.00847032
GydA1Mqp1Y7AH5yP4wjDHdCPBtGFcwTmmaohWcjG5aid,0.50847032
4PpSwXM5ueQaMGpkEe2fDMBst9YFwZwhuvaHgR1vQ2Bz,0.20847032
6kxbpSxbRdhgVLewxwgi2ugm8ojnYeEs9RotV9z9TERa,0.06222032
F7CBB56DkKiaBEjiUzQTpoAHLSV5zgH9UCtEfNxDCfwt,1.00847032
83kZMJnCu9keES2YZ8LyDvZDk2YaQQTfFzwuV49Jhe4e,2.50847032
791Y5a5YXNb3Gatsp9LkHM8GfGMKSbNcE3eot7mKAxQi,0.05847032
8jqTgacyoUma5wboVZcmfsWZHcuQDqxhT7RXKDx68nwa,0.09147032
EEHD2QQocTWZ7Ebc8CLHMdbqeifPnNffzKL6fQpyrtH8,0.50847032
D6n4NR4eoA61krmyiJv9N8sn8w7s7f76x7Nbn74DcLPK,0.65847032
AkUv9kRdbBhF5hgPmmsjNXSDQXj2WGamAgPrbkYF3CS7,0.00847032
5LaWqGjKkkWjgXZGprBBni16NDcfSv4XaR2y1vJgxRAF,3.00847032
Hno6G69KFVy2QS2yQXQRbHdGXeW6sDixJCyVMr7PXKuW,0.10847032
9ywob2917mECj8rWLE7y7Lad28aRgNJJ4PjLP5Ya5GaX,2.00847032
CZhRUA6EttcjEVEdyWUuaYR9CDcMXR4AXePUfQm4id7H,0.01847032
96fM38tmYR1ngqppkVKoVW9NF886ehMCq7m8eHPpo1db,0.20847032
7nBfwsFLS45sS1bDEVitcKu8JWm4FQrFPuTWZnxMwYwu,0.95847032
CYzeisjd4XP7hMduSUERbxGpLsBymfgCs7rWAsZ3eBFg,0.00847032
41Vc1aX9mXNFypMq4mxxDNhi2tutGWWjiaqRFWiuQrfX,0.00947032
9QwGsg5BGm16tu5pF51ogqcHV4FXHC4kmZN4r2PAmCNZ,0.20847032
BB8H5Wmkw86Nwz9pnw9s1ALDwv6hyrJK8Z2N3Jx2kG2j,0.04272032
99GMh2zPhguHYFJyTAnu1YjghKigT362tfXWCJhDu9ZU,0.01847032
De3QX4PEYhNwyQiZChPymwLjPFZz4TjxDjEhUDfwrhkB,1.00847032
C52L5PSqa1jXcbDcFYf1Ypt6Vr5oxbmemWBxnwpE4hBh,1.20847032
FCUyy4tPeHRADXCCCU58rxMybPAW3x6pkDoPQW5eCNne,0.00847032
3CkVqsvWfYEX2PF5baH3jU4fjWkgWphzLPNMwN7aBXAX,1.00847032
Bw32tV81HaYFoZRJfAmDBSL6WQ1mnVhF35snqpFtmq4M,0.01347032
3PkyGnh3XFftDgmWphAPWk8b7ScQARFPovGPiN3rxfqb,0.15972032
3T63JYEPhT8qvpr2NfvJEs62Gkw19dYpxKgBHu3FXgHp,0.08847032
HUHauXAhqhGrJhQx53Dr179kwVjzvhCxwthU4crs4fe7,0.01347032
6ZuAQZCz7EcrdS1wguu48EerDzw5XuwZ8C3i5u5P8ypq,0.13047032
AE2dPpotGo19D1goUZADHaRq9BjRKhWGbH2HBh6WPQu7,0.75847032
H5cGcgLX3QmXPYCrGMgzsEBB3ioWGi68kcvqSfwwePGF,0.00847032
Af6biFsStiLUzbbuqTPcgEqbhXodm8P9J22Bjusz9uCo,0.01347032
DGSndL92NeEghG76xLdLhFHNC8hVRWaroYTvZymb5VyV,0.09147032
3aztSVod4h5WbkzGD9iYZUeHksihvTKkKR8LorRcvHHR,0.06222032
7B5BMZiMEeqPmhnc3dWwoWGg3hmon2FY29c5LDGjhPZz,0.50847032
GKMPsNDooN5NTxzu1GGCPDS2W42E69Rtun7EQkCyPrkT,0.11097032
FdWZRtvHcQwjxb8KF6JmEUC174Sg8VqhBiadwtThGzn9,0.22847032
BJyQ6gGaGWrn1smbUN9wcXBbqaVzSTbaTHDGbET5Garn,0.05247032
3tW2Ww57aGTRunG9VkhQ5mqAmtCUck6mq5f3X8kKA4kD,0.15847032
TcBeFR6Uc2HQZpqSLS7umXixENVxJR63z13TUTKbcoP,0.70847032
HPCCEprhCGbvACdL1WaK18mqFFrVJ9XNCgAKnHa9MEiz,0.22847032
DSGXoBFsHfS2rBJzpvV6M96yFtcqpKgqiV5iGCLcy6eS,1.00847032
CEqvZwmnCxmQkh8PSigQUx4f8zgpZph83vvn6FUoNf5a,0.02322032
FCK8GqHAwS49ZgLUfs6NFNobt2HH8iKSCE2bNbVZ4fMc,0.55847032
CnHLKAmbhEfJZLGtap3p5C8cc9fTGsoRkJC2gktg4Kvu,0.06222032
JAMFUyUNxyc7WRg3e5qB6xrNeVR2cDSRxtDDtH1qZNxj,1.20847032
D3C9HVE8LM4ADX9pNg7Voazi7cNzgwBoGnCcVcT1aXcu,0.01847032
k834a7p7kt8pfxgiK4T1rNudQ7EA79bjznLuqyYwHFr,0.08074532
Db5YxueuUk25Kk1jQ5sxrG6NNYvasgin3Xe46z33wMNh,0.11097032
9WbvTYiAtHeydEPs57XiNdbnc56SoVhufD879LU8iTUT,1.50847032
HTD95Xyo7hfQp5e4kybN5FMBNZM84tjd5DnHKNBzfkyc,0.08172032
2kHmj7nbhLqn1gKyoAzU3WWQ7uRxQyTrQEZ82QjzRjeS,1.00847032
AkUVLaCmDuKT5GXUXuhjWK1mzkdZ79geM5e8hpDojFYN,0.60847032
6NUggnoi37w4qtdhdJSp1PsLQnC4YEH9Qo48kJFJcUHE,0.20847032
33oeoGdvqRaGCKYYiUw7SRV2KrTKdgJKC2wBXoCX1pot,1.00847032
CbA6bDL4235Bd8EgXK7zg3HiToR3sYaKphQBvaZAJjQp,0.08172032
9Z97w78rghLoRL87G3vuByb6PQC2rtzHyKideTSoap78,0.01847032
DRMpNxBSiwNy7xp8nrhpBPfnsjbtURpHAxZRmgUnrBmr,0.49847032
9PXEU8s2hJ9LLXjDtNgPbDWiHShJWarMNY3A4Jc1Eggt,0.00847032
3vmdPmwg8QfDxqotJhQRQRhMaRE5xavSVZhzickub6NM,2.50847032
2FMkBuStHUVPoRwHvt6CQCh6joxR6k1jZ7FXG9ZRYorf,0.00847032
AWBZMGPiNJb8GUk8ZkG8oJmsqdNDyiGfsi7rYrXgYndV,20
Hy9YejYBC5vuRenAnzCnovj5dZtsR3nYfG1hdUbzeaja,1.00847032
EJ4qpY3qiYB2qrXwDKQRjwhbkjNywzbJ6ty1RyBejGzk,0.00847032
GdCMQWkb22mjsipfjp9U7pVSzRdyVdxk9hedWr1nwHWN,0.25847032
AsNbdmjMLikXpva5gw3ijWUzps4FQ3dsFRZte7L13kif,0.11847032
DBUan1X6icXaKP7X5DCfsyg5a3NwrGNAyH6WQugQugeL,0.06222032
3Hesu9rtKSgF8zJXyJMwfVUKT3AER9Cu5vX2RomFSMEo,1.00847032
6nnzebBSmSzX7jT3dgqQyUPYPyafBwzWDHHdNFnb87UZ,1.00847032
2apWhgHhyk5cKPbdEPxNUksQrBYWt4J5pRDN6sF4oFnC,0.10847032
9gs8XEnnBWghYpr2n3KiCbjbvTPPX7hwvw7MS8eH5vU4,0.06222032
ETRoUmEjNwDr31Sd9nbLAViWfD6BZz3gru9oKTfvU1na,0.75847032
CmWk9EwD9oTRhyEQ9EJGnySTr3cxs9ivtivqSG6xgTnm,0.22847032
4fd9mfWnvTNQ68JgGB1PRJeTNdi5T69UZkhUdEeFhcoy,0.75847032
2uJEbXRkuLGD6C1N67RfX66iYYTTWWzNVBNWGJX8mcCt,0.00857032
Am3TFUQpu84jkrG15EvqDSGrtNk51KpU5vp491ztuUaY,0.33847032
EJ4qpY3qiYB2qrXwDKQRjwhbkjNywzbJ6ty1RyBejGzk,420
GKanZKSjjr9oGzz1tYpqkKAFiw69xkjQx6sXcGWFSdPu,0.06222032
HMhQsQqMemoRf7U1E3P7upVETFNNNMdMBNQN83XAStdh,0.04759532
7q687mFLPFQ1sVVQHQtvqjBsZQuYyViZM43mrj66cs43,0.01347032
Hde9sjg1e1ZzJn8UoiDJwQjxhS8uzCc3u7DCzan7kfQb,0.04272032
7QuozRbbso7F6pHdW3L7mfGv1c2vPq5ZKjh5gkpqqziM,0.05247032
AF5qEkQZd8syigqM84FdC4gETABKS93yH1sGvJYgAyFM,1.85847032
F5C7qNv8c2H2w1AYMajA1GGGAtVrbXjKCmxAbSWRdRBi,0.60847032
DG2ZGWfcFTYPDGiN4mWxUPuubwpEfaAuBXsq7haKfXoN,4.00847032
4LnTtf1fBHksDZg7hNPxWwF1oUSJrjyCbonQsMkGPpGG,0.16947032
E2Y76UQnCRwaUotWGt6MBVGRjPMPgi7o1fZd3vifwWqJ,2.00847032
7XemzuyYHMDNg5k2zY7e57f3pV5AJjmauBSa6L93YqFF,0.50847032
D3SBULkEtHQPZEE9LqyiagVA3m5aiaaxpQspgz7YvdiD,0.10122032
6q41TXiVvfMNaYHTCK3nPUVAF4gr6j3vJnCN2qSKdEri,0.25847032
Bg9pE8PTFjVPeb1RxDNAmit7DxTcLymGuqmFa5FYWPbE,0.02322032
2JoPV5Cqrxyzh2YRzdmHaUW2Gwr5GaF5gJq6PEVQDB1W,0.06222032
8rLtTbY2UH2rZD8te3e2zwqPAKD3a7gDBqQF2B3Vh2b6,1.50847032
1BXUMkUVg2SroELSv8rbum4DESw1mMzSKAwXgpiEYV9,0.06222032
2U1RH3LDsRTx3cHvqxfuKNYXtfK85CHgCs37Hktap5Wo,0.00847032
6coutvLW15LgStG7uVG5BAiAwCABzruEjh7DVYxUBoMg,0.00847032
Am6Qj8fKabeNuGsjdWFQWgRXNwvdtGMNaS1yxt94N8b,1.25847032
B1CXdrqp8thsnwneDgdrqy15eJWBHToXyA9Ew4yJxUPh,0.40847032
wWPfhX1qRBNkDHbR1e4uHh52bkhFkPF5pr5P4uPzkrv,0.00847032
GA68LA8Mm8RrjXADJNqUEy2pvE4YJWu9qsarQqkQDUHa,0.80847032
CUMeRdJg9mWt4iDWu4uTzasVFH2CbvkNeSjS1ZrGb7g5,1.50847032
99Yw9b6RWQjqAvjffDcH1TanWb3eg1S1rZ84vV6hxGJ8,0.02322032
847kuGkSNKdFzoQMdzr3agg5Z696ZXsvkm1ervLB3nRo,1.30847032
5A8G2jMVjjVwWsXkNWgKxMHtEb6YXNfF5tNCLshaDaKH,1.50847032
HBMLjeDBzixBQjGmupHLNZTxJAsUDaVbreV3sVsYVtFG,4.00847032
DD8zSrUk5wn8acdy4UtL7NMhvh8XRaS7FUF4hukwXCwt,0.00847032
G4coEg9eoznVHjHWNpJpqZKR3i4oWa8GRU88MFBsVQjJ,0.05847032
Hym8btqDuLDno78NXaDZUdMND9YWHeueGe7hBHbxAaxR,0.05247032
BYhsL5t5D1domh3eJbAMKziqjbXeNr9wAquppfjvHZme,1.00847032
EeVLssvm8KBzCLTTbBqkwXTzguzU7PDo1yS3CRUMCBP6,0.70847032
DDZ7HaPAyX1YPHSUFt9B9h9LC4qNghxsQCeXZT6jeioK,0.10847032
4h4iJCuXDhNSKxQmGMpn5fYCPyMXKnHqcrTZy7XLHbVA,0.69847032
BV1aAhC4KKjFwtpFGrJ9sYibKnN3GWUXSxLDb15u4qUK,0.06222032
AfuxhkQdGtWrQhuJCkzJSfR1er1RKY2goRJK1CuBoDKR,0.20847032
FLWgA25k38xYyo6TtBCyGA3evLX4v6tEWrehEvAWpQdv,0.01847032
Du66oH9fKXGDmM79T4oN3uBaHm4pvyNwNZf6ZvttC7VV,2.50847032
6Ew9BaPVb6nbYPmLvso1Y4wo3ator2Jxuettdiu4iwFr,0.50847032
E9sax6smu3SLGj1p2J2yU7g7XudaGL7MJnw6UYWzB8L3,0.01347032
E6zGp6ojaWeRyM6hv6qkSnu5MUMZaFUhbLpbKSEcewow,0.03847152
HQ7S1EBdpHbgeCRrmxXJtM5Z1HgwfrSwC9BfZydtHVNG,0.25847032
rTEsHyLTbwXGrgBELCbyVJqeW6s8efCpxPR8NJTCWJJ,0.50847032
59Qta2Ng9G3PmhqG7d1qbhz2upSE5Ez6opHBcJoTvh1w,0.01347032
2p7Wnszek3BeyF1Pf8jjxTM3f9af2BF29dUkyPLc6Yi6,0.03847032
6PxQtc7gkWEJV6G1CvXNjcUpp2WLJmTxMr9cZM6if41j,550
6SwCfE8jZaUWJaY11nFcHsKt9puq8QnU1aNYLkYGg4zd,0.50847032
3sfn2kqfrF3LXFpvjdVTdrQd1bGrCGPN2PdmRvE9BBKt,0.01347032
9W5QqsWsoPj3hYMsN7Cxg5AnxBeBzHWog4qEkTJaxb1a,0.00847032
CCWRtjxTminuwcJCd35qqcRZeMkwipdkonCqARRdDYBj,0.60847032
GB3cjhsZTnn8GTSqvbktH92ECcGtBPrjd5QxuJx5S1t1,0.00847032
9AfbGYAxVnxoizP3knQ5yveW9CDfeXkrSh2gWuStXxss,0.01847032
5LXzXGajvQ76UyJEBUmzCNdBP93DEhZWDrnkKHWKhZkG,0.99847032
5cpXFL4aC2ZEB5YuUGbnZtEQBwuLzQqYJc3KiMKHAAFP,1.25847032
A6SGifWyuyT4k4p8oSCypREF1jxu92j3CCrUWFTtS5Sg,0.00847032
Ea88dF3bSpcSRAGQSR1fTeiTts5cJuE2FBUqmoqo641j,2.00847032
fAcgZsTSsvzR6smWjU5QtRckWUveU6CQabvh3mKggny,0.30847032
9F23cRQEwvdyYFD8XWGPYV62UqbuwLcetmoKBQKMnutG,0.01347032
CC6Gfx32S8ctpQYPKi2tuPNbYiAfvNJ3qshDSHVoh2gF,0.90847032
Dvp33B66qmxyvvP8mBcUVpr3AL2UeytX2j44VE4r63Mt,1.00847032
AWwkjxDKWFCHMv9sCoi6rbGK41kT2Ph8JT2ADt6rCCh9,0.01847032
GCYnANv956pyanwVW6Krj94YU7rTKqZYVmaHFQx8zMko,0.00847032
GCYnANv956pyanwVW6Krj94YU7rTKqZYVmaHFQx8zMko,100
AwXfpzhH5UBFgC44CJKXjcB2fN9RcoiccCVSS9rHWByM,0.01347032
5PiSSg6P4NRUJDBnaS9YKRskMgnUxGki9snXGg8FVH4C,869
C8JKpGynWrzxxD7giNkSV7gArt6bouLs6WxrDJzKNr61,0.55847032
5PiSSg6P4NRUJDBnaS9YKRskMgnUxGki9snXGg8FVH4C,0.00847032
AL9iGp9foVUJLDF4GLuHR778uy66wH34SqTgm6HtcEd8,0.11097032
6ANYHt8mS1uyFVy7Kn9z8bJwt46ggiK4mytVEx6pyzab,0.03297032
7DfrrM728xKkCKzpg58jhe6GVknDgFEJy8TNH6DAsGS1,0.09927032
Ck4goiXiRACqqdtLkfePwBSFvTgCZ7KdRt1MaKSbsYis,0.05847032
8PjbdFjyGkPHqVVrMQXihsT6DTYKmGLUMuvkF2p6PYu6,0.01347032
EtBthCSkWJBPMX2ZxDs7QZWej2eJmEkXtXoNrUdcVR7R,1.00847032
BGsyxF3ursPV6zCamQfqesmJH4kb8RahUKaUt5jjBj2u,0.00847032
Aamega9j4v4mtkpDrMQ45mrz57wC78FokBuWqm9Wtg3D,2.50847032
3FB5co24T4gcFwqNteYL7Va69nMYjNTArDd6jbNdNNcn,0.06222032
G5h6zrp8KXzgQPCE66o4dHS3B4pJiwZ3A7DaNN9NrdFS,1.75847032
GBUtrr1iBZxhnaFow1NTXAStHefiF4MdVLjb1C7kugwx,0.42847032
Bi6uS4dfAbVTkFjbxuywAng64yGD1hALNwGXGmVLHrCn,0.06222032
FPuWLBndEtAiy32dfUhf6Pjdrux7LYzpSB7CyJVMtnKa,2.00847032
2JmNCyRAoZpYbdgjscPd1LZTmeAkZjCg6M1jhArigaA1,0.01847032
8LoYKK72MYQhgBxxAxP1MWUCZS5uTjDzjGXUG6gsijQc,1.10847032
3mPWVHf9PsEYesYNML9ZRbnscodXm73FwvcLFzH8dP3p,0.01347032
Dh9r9TQ4nENek7aYzj9HG3z6bSWx54ycctSJvbBWHUbG,2.50847032
EkvnTEzHbGrhpGcuvjc7aK3qPc9YDKQDW8Xor83GidDT,0.20847032
5nKRv8NE6E8nwiCguSKCkZwtepYM4SMmybbVsQcLSBLN,0.01347032
5kaS38mWpypDpUh1qaY4GVXW1uqiASfpJGus4gSiT3p5,0.11097032
FoV7Y422WbE1bS26JR4JV34yRNnb93M5wYteRe7X22Mt,1.00847032
6H6xaScDRVFgGZ8vKxMCe9UgmWhnrpf2U2XxEYRQMvKg,0.49847032
FAkF9dMvmjpxy29xZEP9FKzs4YhYvSjgZSNyxJG6pREN,0.00847032
45VSZkYHFzHZZftiHsDgStU5gPAxjkDfYBqnfepLkd1A,0.01347032
qtNyb3EuK22s8oSJ6jFaVj6AygHMQy5WcLfhdjvF5if,0.00847032
8guu5w6V4ZBGvVsmdhemBwmPWD5NoMR1c5EWUMRLhCLm,0.00847032
9sDHnXFf6kexbYTBH5wBVxPuavU4VBsmob5Ngbuw8UUN,0.09147032
DoHszrgzsgu7iygo7bkWLHo59HJFi6rsPGhBy7QNHace,0.08854532
9KKugPyuChR3xzN7ivX3Vv8GfnUNMitvJ3cCx9jYf93a,0.25847032
AgaMJGPQTJCWYcJTNtaruYfgzMaiQsbZjDLyxXxtS4rs,0.30847032
8wDkWJDFcF6CsfAHVDTEZDurM4JooiHwKGV65TLqU4wt,1.25847032
GCVL44646FkUMQzXNMyMcnUQEJPk2VQhyzfN2eNMb46F,0.75847032
qyN7kzzdmk1PA9Jps7pMK5PvDUYgs1K3g9KdPqrQSzw,1.50847032
H2f5DzBxV7v5HD49W2PSqgm36rRAJwYpHNxKypyW9YXG,0.69847032
77A4VYz9rU6PWDaoATGZsSEPj9JcpEU4WqnVPHerqK54,0.20847032
Gnsaa9PQZVKzM7WCB7YnMHNQT4s4hbHBwPPeF3MR3KGw,0.03784532
B1FNYBZTPaHf1yRjnHwtnYxNAnouUGK4TFSCijiVAxV2,0.80847032
Eqf7KnXKwM4Tgj3LjCH1S5b9f5rC4Aa5e9RPVCnQr2ZF,0.20847032
Cdzqv5pKK91ZqKfyuEivKDU8NfSozLdmWVc3iJufa4Mx,0.01347032
7VJ7JFEAFX7CteCm7XhEmzJjuKSCdCqD9EoQjYZApUrZ,0.15847032
DLE9RMN3C3uEZxs6C8r27zYmobDYDvmgrgmpq6BGf1gj,0.013471295
EByArYZi7oWYENzomQ1EdiT439Tdqm8PFUktDU9b4suE,0.01542032
C6jPKS3B669vXXKE4Yq9upFAFmnWzZz5DSM9wCVxffdX,0.01347032
c8EyKPmdkNxiaTEdGS5hzNZtPtQiny6idRVLGvYtxqf,0.10847032
5RZrY2xsxg71UMc9ujQTgrebJBiSXqQpcp7TTVmYPwKk,0.06222032
8me9DYNCJD9Wi52AV9JrtTokZGBfs6wd3sv66Ni2LZJc,1.00847032
J4dGYrW1VfDsn8uy7iz3XqZNRZjxK8Lkm3HepcsLmcqX,0.05247032
563JbHurs5uZZVKFBKyHskpJvkXXtAswK7iBVQMgZiz8,2.50847032
EtUo6raJBdqZfiD6hbMgEt7iywRbSuJ8GTAbTUMdtPEw,1.11847032
BG5ixJ2NrS8pQnSgqYLUMtFNaAcRyNdDs4SUjKvE41wW,0.01347032
5MeNBR4xwpwKTCrpMB9g5A5rz71kLoxwAVJCn2Eromuf,0.00847032
9LJuoCuJLAKqocZXxvX6TfF3Y3YTnipjWTRYzXMJ3AAB,0.02845691
ouBPiivUUGaYwrMHvgRGusYp8iremTXTwypG4ksuCnS,0.05247032
HnYn5xPYWQqJaHRxLEtsbkD8oMJ7HQ62UHoDqGjwTkWY,0.65847032
5y1XkKeJ3qJrffCzvqZRwnvnPXCK8hWU7pJnVfehhXHw,1.00847032
tYBLcJC9PmZY8rzrLYNgJ9roGri9mPRqXXMwYHkPb2n,0.48847032
G5Jb2JJiREkFd5pg8ZK29tXrvSwwN1B3t4Zva9371xNH,0.30847032
8ShMQAFcRoVa2JHcbXtFqXenkbT6c5LKDZPaSTbzfQAP,0.75847032
9bvjT8YyYo26iJGsvgBStmZeMk3DFuorhQymvxAy7n4Q,0.35847032
Dv2QQxXn6kVXMFaUtFQGJosc1xc8xYRD9M2WiKnNkjJN,0.02322032
DnU4gXKMcBUWc6WaD1rPMMFz4By5KqPjc2p5Jg7QzuQm,0.09147032
AeUSLRgG2rUcK7MrRRdU6icPXeniWdh2y34UNmprWiUE,0.20847032
8DX6gJ7xUR52WJh429y39NUdNwDxyFmTVBqZiLHwQE5A,0.00847032
BtxJ7miCxbsnkEvLiCzdHQVNwvebypugqhBgAFVb7yu6,0.00847032
9YhJKi3NVW7VoZvTuiaM6r8B8MvvAGcdeeZxGRYDyXUm,0.38847032
EWLJ8RRRNMtw14jeV1DFmQEJPhk6GenfFDTKT1T46CqW,0.25847032
A1Js1FSkbvCYmivYEZQZure6kDyJkRAumyP94ctxVjZS,1.75847032
9QVMeMd8khbPms52uzCQgR5h6CFU4UofpdHFKKppL2Q1,0.60847032
J132xTYrGeUeEk43te7JVpkZ1DtjMZtoB48tCQ3bHDwH,0.00947032
2A9Kn6bofhN2ZnXcvxAZv138VRtHcpumUbWCE1xdMfw3,0.22847032
9nbX7xim2e5kmRNbAiqsC1VxvkHYh2MagvBiUs7SiPu2,0.60847032
HJY5xoWtUgYrzmmv5SHEndphfsHDQgfSH1aaLp5imXW,0.06222032
321KEoTGpNm88xDWB8dyQLaBfT5462UEdQZYxypUV63e,0.25847032
B4CFKpfE6oq3uRYXXjYXpTMQVQzFWTMqxJxCWEWVossr,1.50847032
HmxWSW7u4rGmpcoLjgxajc6ZK1azCPZdnRvM3nuyRqyf,0.70847032
6wUjszb8ZhvT147atv69NAKqTrRjiXDCFxhpqnbTf4JV,0.50847032
YJFYokVkESyP4jn7uW1HRHE5C32nugAzcXYUPKSugaP,0.00847032
YJFYokVkESyP4jn7uW1HRHE5C32nugAzcXYUPKSugaP,1
FR52JvjY7yZQEGPaMnYo7x7WpoUMHCaEGqzFV4fQGdNM,0.11097032
6rChjzLaJz5fDiGDLRy9CaMWVxgBseT9aoy1TnYS3FeU,0.13534532
HLtZJPv17QW3HikxXeE2pWjRPn46hFeyCsTL1cz8oFmf,1.00847032
CoiEzDWTx349tcFph8XPSzsbQ9JSRG25jgxJZZXnzWC8,0.00947032
Fsi9WmXMSxbPNkpugWunn1zG4CNTZpQ42867ieTnef13,0.01347032
2o5yddEmzE4YR8G6jCdpmXUT2ee1n3Tgd2cRJ7y5P6Jm,1.69847032
6GiFW3iPag7GJVBtFTytEHo9HdGbnvL6uCXJmtGSyTwJ,0.01347032
AWBZMGPiNJb8GUk8ZkG8oJmsqdNDyiGfsi7rYrXgYndV,0.00847032
bnjo7VMuFspBWzME7d7X4oj5xgTN6E1Mi5U2qwip9Ku,0.25847032
6jyQiJYKSNdn1kA1dVsyjfHi6iXsSHGr1n6uJwYZyg3n,0.01347032
6vYeemaxAGQWzq2CNo9Pov7Jsxi1wusCDXfBvZeBR1Ty,0.33847032
BP1sN2JTxvDf9g8wxu9TVXxd4RdH5851b4yjF9e2kXCX,0.01347032
FWJW58pGRSatGBxuntdRTvkYHquzVVJZYAuNVU9ytSjC,0.00947032
A2xZTmGsKyHmvKqLq6KGDvpDxxeBNjWC8YegZVqGu8Sz,1.00847032
9yRteJR6yPNQWQHQ6PwKwtkGic1iz6ssUpVKt2K4iGvG,0.10122032
Hn4AiNFCg7JEAZCFz2kmwHYfALyvEG8P5gA2qUZ7e1UH,0.05734532
27eMuPpq2tMwnFAtVAoaUSYUmqy86vnCo5CLVHWJ9R89,0.90847032
2u137QGmbm2U9Qc52GnU4vfoxpRbtChPrx74vh52PmTL,0.01347032
DTuMrHsfwLp982usESwuQU8F3v5JkCcebjYsKzyyrxmq,0.00847032
3x9z8yAm36QJuT9KeuGmgkjxDomcnRJxrqDepXe47EmB,1.09647032
3akjbVRWdcMGFXx6cCYJTkbCWQsW5wbZgs22RgmcgyAB,0.06222032
HHziJyx7MfgdWTWtmPJ9VSruNXv8UVgdzsrZPU6QhfGS,0.00937512
AAnqr2wRjxvBPVUdm7KzbgEUBNQfN55VuTQ6WFx3zgZT,1.50847032
DNzo2ixwCWzxyYtietcEUX2g66prX3q9HhvmwsA8GvPv,0.01847032
4aL1dyzx2gU5ESLNQxz44LWZ2BVNpQfaZGCW45QmPBMc,0.12847032
BZyBzLjSBYJsAmUp44QQgAWA61yeiwJH2S5mDEKnWeBr,0.00847032
2z6B5Mjm2MaiARGvAZGpZhpyFzmuuBXff1fd5S86KRsY,1.00847032
E1HkafMKGxHWXKKSqAdWuigD9tQpMesVGM2fdXrCpiLp,0.00847032
A3pmgmoao5YqTQRt6dGVpb8VLQLvacammsywuUuF7LPe,0.25847032
7LotErQ1AbCxvVTzMFde1b1L2jnGbpPDPdVoKEMcsnVX,0.01347032
229NU7mojZuEBukNhtQi9eBfrbYFsmXR7LqGxeDErXiA,0.01097032
2eVg5qchjRQEfntP7o4XD26QxXFMTaHU8UkECM4Acjz2,0.01347032
6GFJE6ZviGLHnF3CmFadvPN1o4c78kxNr6G3j14nUvTe,0.67447032
E1WkSNEnRguspwESfedNkHb9w8975PQ7FbpbxzrvCj4F,0.05847032
7E6LM28NqM1Tk6nfF5k36wu79adAiCY23x3hNB69KQTw,1.25847032
34KkYmmHDcTo2FBx7XyDZqxgWZJfuHzerWTcRqKgHx83,0.40847032
ANuzgSmXCMBMujJt3RTEUJ2EmbWZCUZwtXtcBKfPYNSa,0.07197032
7RxfutB27PL9qbFAsKA9hReuwGLdASfuQnkzgYTBvX62,0.50847032
GVGfNKLJws6PZ75s48VqCazKMkqoGB9zXD6fP8QpAyK2,1.50847032
Az8iCKSebxGSDCSK9STQ9RXwzqCdor2FmhDo2mtzk6Fv,0.01347032
HHwVhqRe68B6mzBpT6gz4tmRz5xPKte11PbQ7qrrMXnU,0.01347032
CVAnLAnSogostwjf14jgLdrLsPnZ1YtSRf1JDh3S75RU,0.00847032
4M9yDf4Jn2NHUf8jezuMmWfhd7mv69vWYRCK6th7fWkF,0.06222032
HnkfzgQpu3kGPx7DP3qzMxWSEiYFMZVKQituk71zFDjV,0.70847032
6xrnuMVM6jKcj3i7bwayJSq51ia5CqdTMjwrF5vmbnND,0.03297032
BdNq6djcSdGu9q5fk5yjsbuSv4SPp5iLngeWyDxQUxJv,1.00847032
Aga84VPMvYLVDMaSjdPRK6Q1eBxy3ye8j1g6RBr1w2q6,5.00847032
6tXuLa7cd2A8fcEuyaFbJh99gApSA6QD8zXfAbQtvxWQ,0.10609532
9mNc5RZ1nY3ytBcKyQeouc18knm5FmRSYxeneb4khKVQ,0.10847032
ApdY43hAUzQmLDq4aZZL96JdcTFU1auaC46wGQ1kNFSp,0.02322032
BZD8QKTr7ipp2hQJ3m2jUpsGiLr388vuvvmtseQ5zGft,0.48847032
GRqc1EmCPHk2DcG7FH88NfKJJu7bxM46LEnDtqH4KHU8,4000
AHJMSehGEP5JSgxSW6nJWbuLPzM5VRnTMg25Pyv1EvLv,0.06222032
EpesbNBzZEGKrSdPHkY5UggUrQH2ke1mhtbQUtDbnzuL,0.00847032
4Uyjz9ofZNUtRjpq4Q59Q7rQVtPz7qcfjFQ8unh2xjzj,0.20847032
Dzpp9YH6iEtgtMBYBrHQvx4qEmR5TYrKB919GmyT9cW,0.00847032
EL7kfcBde6QFkPbnZ89NkhujBatCy44NdRncihr6TTso,0.13847032
4Y6onGDmHgDQ4C7e5fcmZfsSivLaaADu6hgtzJjzoRe9,0.06222032
ApLBosxpN2bDF1suhuSaDH3XZCsHECQHzUHgFWjRJH6Y,2.50847032
BNjUbxQNqmRuncU89tgoYmyEYJBFR2Y5tX3iqALEEetK,0.25847032
3PMPefrC9ND43W41fcTwxyyzhb6yPV17iXPEd7CAJQUd,0.30847032
A5ZKMramGCJRG5ujVNTctXGjSUMrUv11bFt1tVmdLirb,1.80847032
7hqLswdrxTbZYG2nre1SG6VzsCEBVAP4qXQ7VgZtA8hk,0.11097032
FeDdUeFsXwVd2Y6841Y7L6BwAsoUiYVfUC1jTiettMP6,1.50847032
5bpSaHwqjakqmFLb7ZxtrG3tH1VrRyBS1EuyvJagZqj4,0.00847032
AdMzbUfsozq9QHdCL2QErsjD5PFHcfvHbgXqgnqt8Gjg,0.80847032
CZffzhWTGwybJwx9fSinEyhR6bKLbYqakjjkXvc5dFex,1.25847032
7iLqBevM8AMG6D7oyinyFUYxNsY8NorzBsHmgTzFqSHD,0.01847032
AsJLRP2QJbZa53fcK14JHWsDkXLgTLbQjqt8gbtuixjS,0.06222032
2VD4YZKCZnENmcnRTmYYMtsuRgxzugM4ZxFadpfEhz9B,0.70847032
3S2JUWNvSZUpAC93DEoshd1t9dVSviBVbzKauRZV7QjF,0.09147032
DHpsVNbqVQyHhQuGwoDPen7ax3ZiAEMYV3a78JNxkB9P,0.99847032
FuFgq4LkonjNWWEs1gJpfMGj4ZMNLqv953HKmraDKe5a,0.06222032
G22RU1qNWxL8g98gFw1RkEbrqQuzREpsRL7oKtDc78VC,0.01347032
8kwZEAkxWw39NB4dNLXb4VHfBRGCoBD9VRiMndg8LA33,0.00847032
3RChCxtSaNcKTFNZ2KdJzngkfyjmzEaMfgyLJQrfU5qX,0.01347032
DQPxDdRGYJWcZcjZsjbFPtnw4MVvbLHupv9WC1xpeMfB,0.06222032
8Q1jh7x5M1pWVvSHzoagpRk1G2vQ9JVYoo6CeUw4f4wU,0.77847032
2geyDz6mABbnFPB5vLypf48tiAgVTYH8w362iMQbSy5N,0.40847032
7RabBfwnVX6v7zbbUjgeuTzkava7PhNawoz4ofADJqci,0.01847032
GKPXFSFXwDZJBwrsLaU1eS8K2CwmUm8kJ3A5RehHoaXW,0.00848032
V9i1q34j4URZLQhXZajViXACdEg8eQKnitYRg3cyVUc,0.01347032
BianVmswUB8BbEwQXyNtKEoVTvVKgabbLXtza2DwiT7e,0.01347032
CrNsiRvSjB1mAwMJB8yRAgU6NwZNFdPUbYhiRi2Ev2CY,0.25847032
66Bk6Ddb4tgocHyHncLWwmdjEV2rHAvUdrJUfAHh9sUF,0.00847033
5UJENF3RNpPFiPtMktCzc9SQ2F8SFxsPsMWiojFR3GKT,0.02322032
CGj8ZmdixtZpsPRgkw6vTvvmiuQWQbGjd9W38mJcpjCH,0.09147032
GxH1RLax2bNvKADYYjC5gQ6NqFgiT8vpfVYG3c2ssMWV,0.00847032
9JLZxZ7ucAZomfVADoSjucWMKAbpJzWdRn8MrXBSu9QH,0.01347032
4mWHqQFPPkHV3RBSn9DGUXvHcm9wf1Y9D3W2iTJMY13j,0.25847032
6p29k8NQS7bmwCQeZcTqQhXprxV4ZGf7Acf3TxvNnrGs,0.45847032
Dsmem3PqfcQrqg3bkyZAGaCRSZvyS5tSPvga1AMYQ91o,0.01847032
6vjzVqvxk15BbwpjWCbdvAKaBsNPJvrEcnHSpPSPTCLp,0.01347032
GqMVDLRHUUSP2TGqe7ekih1Jq5jwQYE9vc6a6LixB1bf,0.25847032
DVXeFoDrHtCYLY7j8wieyYHhuL9kEQWq81BkFVfxSZaE,0.25847032
FzVyS4o5WwdjUe6c3SPtT12nQUECMcvRjkCjmsEduY8t,0.01347032
3cN8JDN7WpPNL6J3F4cmN67BFisqkqKnn8HGDrEZMeDV,0.01747032
92Bwc6Hrw4ZDd1z5hzv6bwGxBx7ka71Ax8h5R4Skvw8J,0.33847032
FT9yEc3RBDa2wxagdCCurgwZT8uCAgQ31aHb7S7yDxGv,0.25847032
94qtFk5QEu8etKEX1NC2LP7rhUqQBqTiCXFJGRPAWHoK,1.00847032
EtK5KrAuqGduVZnbL8s2VEkr9hY6R3pXzQA3AvYyG798,0.40847032
5e3tQpSP4zupWbTMt4BPGUULYafG7zirxg2xMmA2xA3x,0.00847032
HEXfbbs2w2oHATM8V6Knk6yBuWVo4M6uJV6DUngkogDW,0.25847032
53esiaoTG1aYSzBsCFC85mXPsHFnrir96Zd38K8MssAY,0.05847032
8HoUWYnAeHVU22WbcMpQp11VxiH92MJ1E48docXFzC72,0.00847032
EDDiEKUzXz8M4waaNkeFHFH4ZUiPp1aeJGEUS6AV4ZaP,0.77847032
3L5gSNKpTLrPgtDenRSgusP2PbirRQnKd2hSht9AoYge,0.01081032
BjchSUiDMfyX6aE9NX8hToCukvws8ehhyUV2qjqr4wrA,1.50847032
BCyMF6qLYVmq7MrrjwKdcMz2uec9LJf2LUBtCVMnC6B5,0.21650032
E2frbVVe9WqswJAYQ4dveiv2LXm4V2jn27rY12QRqBPa,0.22847032
6oA7RV7zd33pdihvJcNXC5ncGMSGree9fLtKXYjYWjfC,0.07684532
PToExzwVmZet6jQHi5KKw7yrGPYSmfwtxcXjZS2S2JZ,0.85847032
A5gwKtn1wbjbQXGZ3obnDkSoJpVG9BNf8KGTCdkppJHC,1
A5gwKtn1wbjbQXGZ3obnDkSoJpVG9BNf8KGTCdkppJHC,0.00847032
9rsVz4N76MmNLAkLZPhHCnvm6kXRnND7ntVvfVeRqCPr,0.03297032
6PxQtc7gkWEJV6G1CvXNjcUpp2WLJmTxMr9cZM6if41j,0.00847032
7eqxVLmss3XobTcCfU4SFtQiSQyhwi2jErx9VYF6nP4d,1.50847032
6yqyRr81BdkM3qdGS2Eyqa6Yx6A8ZuyBRshyRH6mNodz,0.75847032
4g32MCMWwcKNPvmdjbnEqQVJTtC6o1WwvWPh6qWxBNR8,0.06222032
4eTJgq69LuevEyGrPMHcZnf4gdqTocU6wgR8pFRngKnV,1.00847032
4U8ycuHYNtZzPZBuXHpKAbnte6HhGpaPP6SMFrPMy4qC,0.50847032
FB6A965zgDJDKYtHQikASVwVobNRg24yEFRHbabsqjx1,0.03784532
Bhy3EQ2xF5t5BwvYi8UheShNudhAkWDjbLFLeiysVfyj,0.79847032
95z79K8cfGp2K9vUSSd9rUE6nAP29VzDAM7NkdyH49nV,0.09147032
GzkVQ1KJv8VrV7Wx5ymrbwdCAJ6jyEmzrjjTXckYfazK,0.06222032
7t8U2fwCJiAr8m2vYUt5GTYcQDBwzSSyXaj8irj1dTwL,0.07197032
GUHJsPvQtCt6LktcF28RYLezECfVDDjvnUrhUWvDwcJJ,0.13047032
4m7ZeCWxQmu2jFyaWjcb347atUNCj8mFwHfm4dgLSt2K,0.11097032
A4q8G9rWGw25yHu756FTs6P2enh92KXngtBtjkAUSLpc,0.05847032
DPsqK8byQ3KcxAHyE2Uw9eBghFpg9ErbtTC9LsJZkbfG,0.01847032
Fb6woaVh7V4VdEwspMEag8mrAm1ab1SMZH9vfaYpkbj,0.25847032
5Hp7drGxFArxV7TZvDc3P9nUYdYgh1qKRegbSR3b9Tkj,0.33847032
GCHr5uWoi3HRMcB8na9JTN2DF55G2pMt3kCjsRC2p94z,1.00847032
4UxQaAcSykxsEqMT1EXiW8JSxTJQsYJD8foBJNMg8fnC,0.14022032
DD8zSrUk5wn8acdy4UtL7NMhvh8XRaS7FUF4hukwXCwt,25000
LKwEZHekRqmTsrZPPsYv6U9Np3EoLYvbitFJw6Emo49,0.03297032
DNWxSYco8ZNVomLNtKzxnWfgiAKSTEtxCohn2ALPaisi,0.06222032
DwWxmCNHEx4qDyshcdiny6sGbGWfhrHZfRVdMSwPFvpb,0.01347032
9Q6K128yEZXTT88wM7rShPTgRe8SGogTxL9P98Udsc58,0.05247032
5f9tfRuTf8emVGqZXAKQFxs2RoBoqvUoFf1VaTuvPjmK,0.02322032
5scZirMyBD8nHw18YT8rgCTzwNLFHfHUfCkBxgzd6aQj,333
9k8rjxy6vw3oNv9QdQng4ABobqiJ5wH5MW6UDjjyTnKy,0.80847032
99nXrkkVLey27Zs1Q9S4CiR9U2BjGKqvfRLpewXpv1rc,0.04272032
5s459XU1yqjCS83Tko4rFXdPJKyX787Qd7YxgzRJTiiv,0.00947032
AS4BhwdQ179ALLhb69wh4nFa5TwU2EuBKThK18mA82i4,0.45847032
EdYV8NV2mK4v9neJZ2Sr9MQ5Lu2iLg2RigPfyDf9bQLT,0.01847032
8HqUjtJnwDBuHiHyk5SXmS8Y8YQJAbGhaFEGCQoeT8pM,0.50847032
39xxhrGTvLNER8KQN8gE3J2H1pvoZHusknzGFow9xicv,0.80847032
BWGJyJKs6JM3hhR9YuW7f4wi6eY33DSkYus1urW8bMyY,0.10847032
6NovwRmJYXmaM1CJWQUWvR63RC9NW9LbMnaqvG9BxRrN,0.30847032
9zmP6YLyPRAzjjfDKNFRJZWwhhitY3J7ZUfyeY7UWCfd,0.10847032
4No6UGpWTxBsz8qFSiWJtnx1BmEovN5YikH2Doq4Byrb,0.04759532
CL6Dugteip9uyfynAewEtZLadPjrpKekfAjRVoMpi1Et,0.01347032
DDjcS3nfPeSUyuEVLbd2X6Qyzs5PxV9fr6Rriq9Y8XBL,0.50847032
Fv7wRsfj35328hPbP6kAa9pn53Hv3fYb5QreMRLQYQDv,0.11947032
FyexfmkTHvArTVpYNzh88DGSX48cKPx3LAME3fs83PfW,1.20847032
EV7zhcckwuCCx5xZ6Ygt8pkq1gDZ5mVQUuh8QaXycmhK,1.50847032
4vBwdfXfiAg5SdgBbssuAMd17Lum3iQX5L8sB7r4ctbz,0.11097032
2dQBVDTTDi4TeLDLwNMkxBuxNYCSbzLMsrY3DGE3ipph,0.10609532
D54P8wznJqrib3RPPLbNyURZdRuMG9VTZ5ePpcUJ41ip,0.08172032
BYarHQiTBPEHRpoZKJoSTWq9Ly42BRmak32o3UtgUoTS,1.00847032
YhJkK6EtutWFwaotdsSFZjmksM7QPWRV92BpHyw6TDY,0.01347032
F6AB3R85mT3GDcTwGFbvh8bftHKUPQs7xUezcwWDd1DL,0.50847032
7WoXhrRRjFd6rsdLn1JkCEBPJr9ePdZ4vHFJ2rWZPkET,2.20847032
FfnXNQAbuo6U1Ng2F8L2K7KyFuEH2PPAydKWRjkfJ6c1,1.25847032
3XGkSpvwGczTSQDVDn3rkposJSFkFV4LGQUQCwez4JAS,1.50847032
4CbHZnvLqSKdHKW64HL7B7wgZU4oW29J5XUN3kQgK695,0.01347032
3BHrfjiGsZDtnb3gn7oWcwKZcXFAVAYF3HjZ5NYyGcZV,0.01847032
ByszfoxNAHiBHYxuXUgWzSFCwmHcdR51gALUYQCBXcbB,0.03297032
4EE1p8mC7ttMMdWA7USUrPrHUPPRWa2SgjoqT4Qk4Wfy,0.06222032
47y6gpTiLkJNr8YaDeuwdiLq47TNrqiHak5sV4aJQbRE,0.11097032
Dxc6Mq4eBkUZq4Xgtu92UwFwuwXgqnGsiHufiLrKkxs6,1.25847032
61XXHNtWMYhyFa4x2YPdkP13TNB87vaDBVQG1ZE24E66,0.06222032
J4mLPpSxnJkAXrpt6zTJf4yCwNz6oSUcfdvV36pD9c3B,0.06222032
39qcp5P6q47ET9FGDQqSjGXkYc1zoxFpb79znN8Lvx1P,0.08172032
JPvZ3g8eaSLWAtEgWxJrrPUVrpp4uA12AMZVrxMoU9X,2.00847032
Bki7DLS3NWbGFrqvaKy8QmneJ65BZLF1WHeXv1bkGQcb,0.01347032
9fVGpCwZShdTefGXgqJbrVERGBjTaErzw2ZerCK1UnDA,0.04272032
2LEy53QNinohABEqdBDVRSEPiLA29cpqS3E5HnsH2nHu,1.00847032
6JuZRwu9Xh4acX7TX763QEn7VYYAL4YRGouLBxb1f2jD,0.80847032
AL8y48HWKHwkaSBCBW3EiJQnwLodUkvYmEzHvL3bDkMh,1.00847032
7swCTSDrwzxHH5obpYpAP7zt8kshMzb9h3W8S2zH7MgB,1.25847032
J1HEi9pEnp9egXS55SBf8gzk2uzndg5XrmMgUfe1g8aL,0.15847032
5VjrBypoq4HVQFSUxJzVSqpxPEENQHzbcaq9PqNmMCFd,0.50847032
A87cmExfBKtirNmLk2Kp9vNNEnjCyNg3ofGWpf44Lscd,1.35847032
8V5RHA38f74NfnSQxv9YLEe7rzSUAtXashczMPEE7GZW,0.00848032
4HBPBi7T8EyK226qUgWedV6GSvN6o3fFE4eBCjBpsqHf,1.50847032
CR5y8b2uAVvgU22LcDzLD3rNZVxEbh9jByL9nHaZHrBd,0.10347032
BpFiygs19UG5CB5y521syvHSfSMH2LJRa7GMYNxxRgn3,0.10847032
HJpo2dK21prGf8ByQuxUUyMpmDngu41fY7YM5CZSAmru,0.06222032
ConyjxpH4PE9JDPbowQLfxGZ4896aa1GReMyJa9ZWLT7,1.11847032
557KGw2hADYZW4H2e3W5VBbURXWRuqV7oNXxC7rn3frk,0.69847032
2kVp9qEPGN6CfXNQ8KLJfMEnrz6msSiEKjijgWhaaEjE,0.06222032
8QPHMDBhbwJ5FBWaKbHEW6H46DN2vcNTqqCp6Poma9Ht,0.06222032
6dx5HGzWNGJEgogeoxzbDaz8EipCh5fS6RQqdTPXhNb9,0.06222032
CM82QcuMRD84MeHFsK7SHW3Cy4t2V9VDqsP9CcGfD3tj,1.20847032
Er8WSyQUXbZoRYwuyBd6UFNUXTGRzNhwyRAzaH9nwv7N,0.14022032
BgVojZGch2MCJ6waAjy3wrQBCqtViXYwhYgUY6kdyeLK,0.78547032
5bng9cuz3NLVGggbsRpyq4BuFKSgG8Dxo8zLp4C2CJwF,0.008470321
78z5pLd3agekwV4D9SJCqjGJDnU45XJemD93rHuBeMqc,0.77847032
3afJw8SUyn2iWDjXHhtwk5jAhss5nASp4nfJA3GSvS6S,0.07197032
E9kkX73tAUkUMhbZdzCnzHpyBWGLS6MWdPBtWnZoP2zy,2.00847032
EYjyzF7RA96HghKdaCn8wDZXir5U4S1pumHcszc6cSvB,0.01847032
B8JUgH66Ksm4teet3QnfLfAUdefkLMhSiF7GtyvkWrgS,0.88847032
9bXC1vE9q235FPxcBxuYJQ6m9yBByAq7D6aih7cPFYyx,0.00847032
84CibvARTzv2A9erJYtCCvTRoTGNB1mNmnhrKdPpdyMS,1
DvE5Zk6Y6XX12mjfYvWbySpy2xrWgMfFEqMgKuNM8NmP,0.01847032
59DSGcKYeYYAX3YBRza7rJtBGfftUg4E7gmZfJ87dStP,0.01347032
DKsehPVb36x3KQhQKwWBMdu2W2kw5uTe1X7TdeS2yHpb,1.00847032
9gyKuAWsjjxsBcxVkABvs37sfsvpMpg7iNYNwmBmXuXQ,0.09147032
4Y2r2kg5YEdrivZHnvxVnkEMoZbHvJBqo8pXsNn5vURq,0.30847032
7oJqe9M1G9b8em7SgcDEUvwyqxZJrWLYzQ6UWhCGN9Gs,0.22847032
HDThV25EpDfA6nnC2Q38WXgygCBzZyEPmLNtix3VsCdY,0.00847032
Fw2drNtrH1UQ3navKH6rKW2QBU38gGCZg4ekeQskUsbc,0.00847032
BaUyiyQvd3g7gVn9WNPFCPXWJ6m3UzSeePfCC54y8Qku,0.01347032
4JmsyiR2EBYuzKXQZG8fugwDMuLFyAkYW6U1p7TsJxrd,0.33847032
CNamfeWqMcfNQmnkwxEh4YTKtE5cJyLcpQtdbcq5ASiH,0.01347032
6VnoJwBexJLDGYfvQ8Y9zevCuCHiTHPBL5rYwTcngAm7,0.05734532
GyfEMKRAe2hg5FzyhFRkhTqMnGbhHZJoXEGWcYPbKqWf,0.50847032
225FopkJ9774mFH4gjw6hLn7rNEvWjSyuyhA9AK9QUYn,0.89647032
BehXoLbPT8E3KKgd7xTHX8uyM4jUKGSa7aLYD8HA28nK,150
36jbvES3vU3Gkfk8EengD96ANge85t2v5wHDDutsg6CU,0.01347032
EfUdRt6PMkA9RGkxiZFQqZVkU6GNrB6RGtC1Cr2mJyLB,0.05247032
Ar29tX2rReMoJj9ZTH8vwtPskzHXdgzWTDfF7sjQwmmm,0.03784532
8P3n6DDHdi8FWzLpFzWLgvq82JcLx7VFwZuywjUGPV9h,0.06222032
Fgfv8FvBrCxcGr5dxYypy2L46snc93hWxnzDyfqucDro,0.01847032
FFXScuipuN7YT13yTDrTwEYurTuVC7sAqbftYwRjxo2x,0.45847032
7o2ieSumWpbPU4t2dKqbyJ9hq8op5X2zFM25E9j6MYfN,1.20847032
JDTcAbReG9uSfnGcNUTTm3QHNCmEQoqRAM99XiUddM4U,0.75847032
9fGKA5dRzH3EGbBFLE672bgjgrGB6ubyWaXhmKPCJcSG,0.07197032
2THJZXhXqiFoBgB86jin8SaZUGE5QBnDPqVn71XFsr6S,0.08172032
Ex5zNEotoLenDcfFZxahA4eYwGbyncsf5Hm52V7Bpr6g,0.80847032
FkEAv7kQkmWfGgSWr9AzKtghDHp9vyTyi523jesFNFfF,0.14997032
9bwLbsBVvWtdB93Zhq6D99RJwDSnZMGfmuPLaqXpXB3G,0.00847032
GNmeMn84Q6AV7328irWsy381r7Q9Uwtfsj3cbd72fLht,0.03347032
GHpAL7oLQUFZFmxwEaZQjDsUEiAxPUeJ2tCGDH7qzFa2,0.80847032
HKk1aXEzyeTxFcs9mZMTnRUqYdp5ZgGmys51v69Dhm6K,0.06222032
3t8QNtTZJYzPPAH84Qbv2EWPSkqEMbNPZ3PTmB3qYXyY,0.01347032
GwwwsSN5T4DVKMJ7TYnftHMLkxdmvDQaLEjcCBbQ4Mwd,0.50847032
4dQeZRqummYKgJYzxy5W3R8nUw4ADSWWVGVqkxkz2E5p,0.01347032
2V1rXgqHyivDV1z5WN9b887JLen1jkm77VdVvZDBvonr,0.00847032
5roTtfXxbMMqu5iYq5kQsX529JwF5C2gUVS8Sd6yzj2H,0.06222032
EtGkiviM8s78VnZZCvTGxo4UDCAhSa2QzSvM7jNZTjVU,0.50847032
GXMztyDJG5XiyTk9rFvK6zmWskthRRmoRPMZgHaxCDAq,0.00847032
HiSMEWD7dyEnStPo4yQxZtpb6adyWnbSrB35NPbVonc5,0.02809532
8w5noAeS6BQbhHiXpmES1DvcKC7UvwCCPhr5bRXHjpzQ,0.72847032
8jaXM3qARXn1cm5wfET3R6kAVJdHaZwWs8ojCzEm7MzQ,0.20847032
3qtxSsmpxfo14N12oB7cK2TCYaG3b48cfL78tLJAzAkM,0.01347032
GMP7gsRDtG2QKywpJMvWGXx8KV9yJmGFjkodHRLLaWCx,0.50847032
3MD3315rHXnJKn734EsUxur1jBWBqne9UXJma1EedXyw,0.06222032
HmsRnh8Ei3vjFvotiNpT4MKjgParbdgvbDaodcbveqfi,0.07197032
6w4dusAbqdX94foBzhDV2iJgHctQUTtnKt953XrWfrPu,0.03297032
DD4LsJ7iQpnxpQMEyKeUriyByKUdTqNn4qRqFNHdaLpj,1.20847032
729RN76GQYVHNcKirwHKJqZBfrPYdVHpthpcYghvYgLV,0.15972032
Ag2Y6sbeo2tb1LUR2SUEr89kw8CnPHwKyufJhKfkkHtj,0.06222032
6bVMgcGx7jaPk8fZErQ4Ak754w3d5fQxf18VwyLgjPa8,0.06222032
3xpfhZGMX9m6Nr5j8s4K63eRnk7hzKvjddteijMrvTvm,0.06222032
ALXFLVGJjnwzuiWg2BWTtNX7CaaRzAcJryaHUew97cXd,0.06222032
s6Wwbr7av2dd4t1vFLQpx3DkrPYgWGkc6YDY6oRbodo,0.10847032
DVKuLGD3vqRiwHgrbRYjJi5x3FQaviza6xj3ssySMJxz,0.02322032
GRqc1EmCPHk2DcG7FH88NfKJJu7bxM46LEnDtqH4KHU8,0.00847032
7V4ZVj4BaRh48boasZgRVTXBMKCkcovfi1yggqdWSX9x,0.06222032
93zS8DTbw3WTuQW3Y8bXwjhbRXwMHaGo2NAEfH2YEGWT,0.03492032
FB6oKfEtGuzAxQZjmzMVGgsLUZzcKAkBZWE6CkeS4MPU,0.05247032
EQJAURi9j5SPFPRs8wZuLZAhSLqdy65EQMu27yPwR3Rj,0.01847032
3szZxzkSzdmiTCtXxUKzJXWkfEX3TkMMwsMoB2Wja7t4,0.01847032
BChuphaou87DCRcFERUhTdG1zAxgLtW63pCqHhJ11zTW,0.50847032
fhMirt3oqZYCZmPdasdgaotjAXfBXMH3m31C2FDHj48,0.50847032
71Cb2pKM6gMLnEjy7gSSVye6Jgxh6N1xV7vuDcwiMP8T,0.08659532
GxJ2JhJQgg9dYaDgRXj7y3UZZMVVeCggXpdyoGzZugW1,0.01347032
9FwuJzti1fZipWJY7sEQyfj1eP9QysNRoc1PZqZxLPz2,1.50847032
CQsr1WNAQvFetL5UjofckP8vnqEMgGsP4F6ADLPRoyDG,0.85847032
FZKnLQLV2qnZYQfcYsZpBZtC4BryXhT279vN6B2KYW92,2.00847032
ADoVH44uxbpHmiMKNJiuH1hfW8vKxRyZAaWCfLo42Vsf,0.07847032
2cNZeB9GT62XESvZZSxEHB8hV395teY6uy9vrsDVe7L4,0.65847032
3H2EURtLDwkt2WH8vWCYyaLxrsQHUXTCg4d743vgvwo4,0.00847032
HhYhymcQyBFr8PJc3dNoRpsrijcrABLEC4RbR72zKULj,0.40847032
4bwKJLxh2xK7WZ5Eyef8MQAK7uK4Ng5v7vzrfvNQUseF,0.08347032
FkS54eYvUrFBcsnE49MyPffhTM62ZdazqKfyDkeazkdY,0.01347032
3TQP4Rq8NHY2h6fqfh7gApnmJ6EFeWkAP4BvQbBkGVUv,0.44847032
FU7726LDBHDFHAayrPJKvdTr2b1LumMHtDpM93QZUfjW,0.04272032
Bt3bNR1eTP3EZuvGYd3cjQBJqEZ6EFruAxkWYFRYnqdn,0.00847032
7YjgvbF8Xhamn9rZ2V6tbm2vRD8ZQxhKdeoJjStz49vV,0.013470321
Gnt6X8tkY5HDGEKkEYwGBJKVgrhnxEagyBFpzFZ2kDSK,0.04272032
D3xb6HHqG3HQM3kjp2GzLRFVKtNQaNohktuGSp16hvmD,0.50847032
Fy6eYphJgB24KDtunQXGb3J5tj2m4PPgm9xvmnzi49bE,1.00847032
9xu8VaABQfrUs7HrGiyxHXq9VgoWFbRB92Cnn5yM5hVV,0.45847032
2typQtc2k9MXho8GReQgNptg4NvTxVKZXU5wizJbEEuh,0.08854532
AG6ZDjVMNGfFsTqVpbnXtuGEqqnhghrvcKbKdsE56asw,1.50847032
Ard4MYrJ58K93p6CxNMQwMTQcVMN6mb77gvBLGb8Z37o,0.06222032
57E2YMeCVNwzgSesm5HfRNwbQ15YMJhUunMDCQwHX7kp,1.25847032
AKa2NzZFN3U3gq7Yf5sMVygsvyUSdZpMJD67vBbPMagz,1.80847032
7LxZPmeNAkv2qvHTCeH1nT3wgxfLFTKSYHjtvYWAe8nX,0.10847032
CQSkHDhFLPbXfqPPXmh8pp4oNfS2UjJEVLB59nk6XTaQ,0.80847032
Hvn6GeXW8bbA2Gf7TmJtpdVnJQztXdqDdkMsa3sPcXdV,0.05247032
AfZcXx9VdMZunVEv1UmBc2y6jxbgsnY7SxHQZcFCeYvJ,0.08847032
EttYj5vNV8tgh4rFRf1hDkQ1dKQNgsNCKWzDLPxo2vL8,0.11097032
Hh89DNSBhEhJ2qkFQ25wmkJJeXYt5cHUzeQE584YpEqM,1
Eewu2PsCYPQdwfmP3jWvrYPn6FvfsGAJnKvL2uWDSCum,0.49847032
Hh89DNSBhEhJ2qkFQ25wmkJJeXYt5cHUzeQE584YpEqM,0.00847032
6HvMiZPXQBNbaYnJUs6SMH91wdYtkV4ze2BKsWpNgxGL,1.77847032
Df2EmUnDehsHCxnswZZYCJyzEwZZnk461UekYGWoKR9e,0.11097032
EsVocjYPsKCoPn4g3Bj76svReDJjHY3RTYPywncGod61,2.00847032
HUDyhFnH57Yo3xVSjN72d1KAvweSuFHcfncHWD84pUwn,0.88847032
BAwvybpPgvwd5VBdQS9N2XytTiJqzn9iKXzvLTKQjHk7,0.00847032
HsgqCYZ2ZRypcEDdyDy6tDrAfCQ8wvtUm1QgQLGgYV26,0.06222032
8sWbWQnCBtMEQajoup1pEHac8o2D2cLxeyWiRsGzkXzQ,0.48847032
CTiEtMwV6QNiKJRBuEnvwxmgDUUSq67m4XJMWs2kgEB4,0.50847032
A1P5DB8DzPSsGETNkj8nSJGesgpv6Lo5uMkDVqFy3G4T,0.11097032
EkwUGdfcvdfDKVyYRggDiBXNrHpKV3AVwefSMxGhtQAY,0.00847032
DgiTLPECRVfk6jkQyiv146dVie4dt2fmeqT89ZD6iNfj,0.17747032
6zP21hVymR557MR1GfvRHxFdSaM7JNhVaJzAnVzjLX8R,0.06222032
E382YsRoKG7jVvBR1Kr7DYmj63Pu4vc3yhLfvaPmVt2X,0.09634532
F9xhxyjTST7SVRsqhwCZmbUVZvJ1RMk5GEas8vc2qtXy,1
8EB3znokAo6pcmhVYQZNjjTbhvM33DEETAagHEqKVitR,0.01347032
EnvtjfENFptEMekKvUjBTtmcxPnsYADsxnMKPsx5MaJ6,1.00847032
4itJuDHR6B6qarGfD2WqyJJr8TUtSFNVWdT8KnvdocFq,0.49847032
AzsAm66NpBkmE2NvgwsaBC6KybB5wDLnqdb67eGZDzs3,0.01347032
gJ8wUL6KP1Ttp4Rocp2D4hmPmiKwvkxTDACEebbfmyU,0.16947032
F9xhxyjTST7SVRsqhwCZmbUVZvJ1RMk5GEas8vc2qtXy,0.00847032
3kBx4MzJ1oVPAJJ1MtCBrujGTiE1vbXxUenZDB68Lxjn,0.15972032
2r6em55oC8akaLBKHBcTg6zGru1fe3jrWw2Dm1oGfiRA,0.77847032
wJjDdWHWSbhbZLjKw1L4Rr388NZs3mxCgwzRqepCND8,0.01347032
5RDEs2rScV9vYNHfVzWGfM9aDRYvKLyzxyZded7TGgQB,0.08847032
8r6DaTbJr9y8z49yR1LmvUjvwDNF9wWhk7TJGhgonvcL,0.22847032
DKL3UvpKJiAmnmdZzdMe2ktgrebWEG45qhcAxrPDChjJ,0.77847032
Ah1DMaU73HMcZyXTLevewkjPgLU5gRa39xYoLmdwYv4x,0.03637032
8PDEAsmVqPCSmb9tFkFJrDAdis8jma2mYkdxDBoH9CJM,0.11847032
DQ6aLgZStaWj1KJKwaZQhxwA3jaPYoEr3M99fuj2XfuH,0.20847032
5Q3gpN3sDdwr28ukZjS8YX1mc1NQ6dDbyrfrKfrrwpKb,0.18897032
DkFt6QAmqqTpYXuXwDAp1Xx37weUkL1YxnHrgfgW1jua,0.70847032
FvetdvC8Dhgz3BhLv6iYSKiK6qVabvNnXGoHD16x4nf3,1.20847032
6SpKvNPheoqpcmiwFTggVk7JdT4CBg4cwKSHo8Lobz5J,0.15847032
Du6pXs6BzbchBYwkyx9pwT68fsTvi7dJceeUJgzh4HGr,2.00847032
9at2ZWKz7AtWg9eiR8dc9w2ifpN15fcJtisLCmVRp4dN,0.08172032
7RXFXCT12oiE3qZ3M6MLZwov8eeViNxpKMqbH1o6qdUw,0.05734532
C9tXyRWKGUx4CH2UJEXVRuCLZC8Wih6ETdAHyLKNPb1V,0.99847032
9gzKdEw6kCsK4MsmACfocxjNjhxkFkUbEhxgrv5AbNN4,0.10847032
47DnTEamtwuVPxxS3mac8DiLrBvZCFfbTMe6HaGTn3Ak,1.78547032
A7muCkniECYs6fgBaWh4PCcXkQ9Gdhj8wqZUPerwzHeN,2.00847032
EC1HcQVNhvg3Y3TDyN88SKiyxororY15Td6E9KQd998o,0.00847032
EYnoSALNEcG9AitoyabWUMkq8DQkcKtnd7pr2QrUDU8k,0.00847032
7LkFaUXwdbqLKTAQHxjeZwLhRcdNmaKyv2fvx8r1L8Y9,0.06222032
CRk7Fj85wfkTjUC9qnmjdi2sc5KMwxJz6jY9mnRyg2Po,1.00847032
27GmNPzvi5VnCRYi4m67HkB7roYWyKGfSBBoqBEcWBkE,0.22847032
FF8pTY7G6LRVUaqPrLu9qE7nHvRmpg97Ax3s1m3gZG29,0.01347032
9X5KDbEwdUPwXLJn4jkQGC1BQTTz72hgdrdiYTqycU73,0.80847032
AMY9kYNYxJcVjnw8nYgF75zbdXweaeR4tbtpGPk3VZmS,0.11097032
GVW5sZuygLwjMT8MBfYP4DLsUgLVozbNPkTD1owmdw93,0.60847032
39mqVB3mBgF1rc2VGS1KoGwEkeEnZJELi5ZijgU5FELm,0.00847032
2rJuSzJwKquW7ZkNdYMtyL8Lagscs643wU4VAppdW7Z5,0.02322032
A5qmMcvX9XSrCxurAMeZU8Xak65fkhbGwojeXC1Ty7x7,2.00847032
Huny3MFCkzYxAy1htsRb1rSJ6Rui2HRXD745p6axF4rS,0.10122032
Bsp7i7Hrb2SqDTw8dGp39Ak3Q2BZpFd6xMscXRHaJ68h,0.00847032
96MvJrcKv9mnDwCLNqMgmzLXpVUgrpHEyuntCoEJ2QcJ,0.66847032
5scZirMyBD8nHw18YT8rgCTzwNLFHfHUfCkBxgzd6aQj,0.00847032
5aWnRZg96ciSVW43LZaGqmygjn4Pze9nu2Sg6MXUA6Jr,0.00947032
3wAShxXTDEH1U1ikCfqypEJ6tEp7XyX6ZKbK7NeLeWPm,1.50847032
B6ZfC94Yx8y2CS8cq1wvSGDALykoAekoXQKoMXpaFJf5,0.14217032
J4xbuspfzpiJThTriv1KfWkUkaHiNjZDGe8HwzJeY6zC,0.50847032
CXxnLSow71ihbaYzq8g3LV3rN7FpDjCyjXj4dtr9QQq4,0.30847032
7dh4KuwPS6y9yf8PohavzwJXhDGRsCb8yjidSL7a1kLk,0.06222032
4dsdtHiR8EEWgCxN1LMowJJxT3jTs6QhHYJPD53psoPq,0.38847032
6pdYBwUBCT9gmeF13SAgBxxW351g7AHpJJP7LudipEJJ,0.35847032
2inBkrynfKYFepvXiXhuCHRFjyojJ32CrAgXkTrk8yVH,0.22847032
EPkJwhF632fmvpPK6bCUz7jo8fzzuRYxPQVv7JDdS3Bg,1.00847032
3ZW7sJXGtrR1bFzKh8rV9tEJtpAYKz9LZ8Hd3mVFu8ri,0.99847032
veuihmTUrYaM4hKQrauu9FUg51ocDULZo42gwRnAMT9,0.06222032
6Bb5XDWD6YYd3LqVxiviE388QAwS4KnBRyCSJKsgNc8c,0.11097032
7pdyKUiYcCshpyMaXsLKUK5ZsW77ifNeF1JkMnBx55xt,0.22847032
9Pa65EdUHVcZLEzQHXy7hTr63f5CdcV3TKB24uXzbDo5,0.11097032
CwLE2J153n9edMApEhnmo7Uw6bB5PNSig48v1hhfrxMk,0.33847032
8rz5Z4dQWM6e7Xww78vd116FqnU2AaKYwGmGjTspA8ke,0.11097032
9jZkU5QEpyCSddjM8QTDGfxtUwWySjxDRMti7epqug13,0.01847032
GUd5bawrHbvdpHkVaunCkx29rtbmG4dQd2vkDHXpvrMv,0.00847032
DZaesi8agdm8oepSrS7ABLh4B8dxFzVFkyipH6CAwDB9,0.25847032
AhvtGdv6wGpk6gpWVJ3SwqrEnbejYRzQpCvAxKfQR6Ex,0.05734532
8L96YXwCgPbcz7DEYaLrpVbnyoF6DyqftkPMyZbmT2BV,0.06222032
AAYo6E2ciLECzUM3xW5N7UWGThQKPVoqsLKiR9i2fUVB,0.00847032
pv8wPpb5B2mQdSGqi4JK4HwMyzJdmovHEqm4yDkCfzs,0.04272032
867j1ZF5sbWRcBDg5shCWGpf6aN1CBgsCbQXAE5gKZCB,0.00847032
AesEfyojTC1yZMaNwvt26Ra7R8ocZHMDJkNTDfQcEjqq,0.25847032
DqHdVtMZ8aGjhxFDkH557XtKMmx227urqvgtLA2hpLRy,0.02322032
74Sc8EGrvT2SpQgNWrss9QctJPbiHpfvm4EV2FUaaSNM,0.01347032
27DrCTwY4F8QE2YJPBJjZuyWKCQtyQ9z4XfmCnP3V9nh,0.49847032
BXgwxKirewgLjPESsrXWpySfQB9FZtp2rtpVCq8NMamn,0.22847032
EY3qiMmMYx37Cqb5GTGiKBJPhVu6BR3gkk9AsYTgGn5t,0.04272032
3eU9y89DGCfV7aqVfC3apUqDZ6CZxaquwrCa2VgU19P9,0.93847032
6aKGhD2epo5MfpY6J2rxPbBf27C6gDbrebytGesUUjfA,0.99847032
C1hUHLMnQFLjE1LSAgwk4EHqW3R6h7dEyKTYrG8ANPhD,0.30847032
BzP3tAG73vRBaGJmaNSRmf79wRknVbmAysnBYF9XJf9J,0.00847032
8oLh9eJcdFRvmwe2Ziv8uA91W34JWLi4xNqcG42tTB6X,1.33847032
2j85irBqeo7FtJhaYv1maDTfPa1W8iqCD9n8HjkPGMyw,1.25847032
8xQasEo4bW8TTmie1kPgiP8SGYc7SXWVkC3qb4Bo5jrj,0.45847032
HfzXcvwLHaW9NhGkK1q2c4LdmpvHLS4q5YD8e5JPGhE4,1.50847032
YxcPBitEgZSpKJVs5EQWVDCRLbyKWNcFiQj2hB6d34C,0.50847032
9cnpPK6owW9L6XmPDkj6iEiikjU29d9BxsAkZy4Z7AL8,0.00847032
961mFZyyv8DaYYPmNnerqnKfFGK5jG9Ps6QS31Y9uKZQ,1.00847032
6wQNX5CiyPUtVq44XoGdrbxHQpQxmGhPuGwzp43CsKkA,0.00847032
D6RUVkoPE6T7wzGtKVAz6RRrb5TwF38qUDxkGfyVPRCk,1.25847032
5mfTt4DH99jDckCiPXubU9ebyZfFJBn3eMZ8gEowouGo,0.10847032
AgdHdZT5Q9HBkrvEWabA4ZrsEx8auQb2z8BGizBaPhJU,0.01847032
GqiVYpiAQ11uihivCZRaknyTbLrKMoQaC5XwYc1mk7RU,0.00847032
H3eECW7xpCfmcHHEWSCrCbeRukFzMiwdQU1stDrnZSEw,0.01347032
FKPCodxPf8ieRegDTn6BEFUmQy1bPs6VBNLm3tWYCWvf,1.00847032
5TxZAfJU1r6XUsyW7Txb84mhsnixMEt2uxwGS6RTuh35,0.05247032
3qi5PyYsg6H3E7LkNXXfUbNx7a7MtDtrXAi4CXuH546D,0.10847032
6ZYdiPi5dp6eiU5fKyMy2kDiYMqiEW8BF8KUNfmyqbkZ,0.10847032
GBNaH7ac2xt6myc8ZdEe239ALDYqjaCjGYWwPTUuQP4B,2.50847032
67Gi9MYuKktHmDmZv62reH1noKsWATMin2HZ8opc2sWM,1.00847032
FUSDeEudcrfDggMCDJU8RWf4RAgK17zAMSzSF6JBSGje,0.33847032
2jUTHGDCDhDU3qFXeJHppSuZJMeKFF4ovsarB6j72jHw,0.02047032
2AKfWW1s38aACw5yHp79fjKHzDeZgXBp7mnE12a6FzDx,0.04272032
4hF2fm9STWrp3k4AGdfPj3WAoGzupTNvmBCEByKgRkVQ,0.00847032
68veBTw6wr5rcqZXYkUP1K5zvf7erpbx14jYpELsfoeZ,450
89yFggagT1WHwsUxjLEgMSgUET6MPTUDqwrV5EL7GQyG,1.00847032
68veBTw6wr5rcqZXYkUP1K5zvf7erpbx14jYpELsfoeZ,0.00847032
JE9cFaEXyPuR7CrHHzzgKwQLqXMPh6edFgwKqv8Pg97,0.00857032
CyZdQn8XjoPp5YEQ7PAYMHDhsrHMPn2ZutLB7eRyTfNZ,0.05847032
GB3cjhsZTnn8GTSqvbktH92ECcGtBPrjd5QxuJx5S1t1,150
DykZuDqrkidnKot6dV1FMCBVyz6sQ9KUurPmXXnpWrVX,0.59847032
DV5QDrqUBHtx8hMrz3Nyc9KcaN65sqindW44J4e18N4B,2.00847032
DS8XMNByNH63a9w34AC8z2PiUHEdzEwZFNN8JiGmFrTe,0.00847032
CwFnpWVRSbpGH5NUyiQpJLc7zEXHh7b47VQP4afcMsnQ,1.50847032
4jeKkkTz1VYNW7jcUKcomzezayseKU3mpC8zVnHwvzwX,0.00847032
GEhhPdj9mydYuToMt4JsFBe1fNmC8q8CpvNY6ku4pe3R,3.00847032
E3spUEhGtGiHoFE14rcYZ4wgFYTG6hhQCav6SK7yijQj,0.00847032
GSrCY7Mos13sfYPbxUaWtkwH43aX6Hx6YkmmBV8wHAVt,0.19872032
CPU5mYLbMoJdRtPAAdEXteyEqPFHng8vcbSxq5dswTAg,1.00847032
5mDm8fuJXczaLsXy6SmCJsWFqTTnkncGfygbnq3vDxmY,0.00847032
8oKh6fDRSEpN2EP5L3wkxK9HuipgBj4keLfzCyzy6Rfg,2.00847032
HXEV5f84Uw7GorKdfHgjrAn9nW598MWtvMBbNCRZ7D9n,0.01347032
5AKrw6FKSuEPud9EExaBGNK7t44VSdrs4Wk2R5sQoTKp,2.10847032
85PufJEmnGHTsfpyuJBuw8gm8odKN6xsSADyGTSDbMbX,0.30847032
BnrmxLMsq79WgoxRAUbUgcpQRBxVXrgbMrFyTe46jGDN,0.00847032
E62Z9YEtmpttE1yWwR42nRpWQ9SwPp3DEMUtEoQNRf1K,0.06222032
BwWQCmtEkkPz3uT3p3qQjf2XZ9siMWAwCpMS1pvMvFs5,1.00847032
6Mw6hfbgXWXtaFowULJXSxv9M4t53AanenUK4ibLmzDN,0.50847032
4VLaRCUxEfZS7URmVdGdqb7GbHs4wAi248p2APX9RpXu,0.00857032
8hXjsw3ZpMTiDL5awSHntdkQrqw8NTjriexvRoNYjAtF,1.50847032
CsgVSNJDJw6oBCCHMFjQ5VDJF5NsQ6ey1hSPtogom3o4,1.25847032
2RTjQY4s9tJ2WNmuDQ9xTbZhxjUFpMrGfqd9vBy2RKru,0.05637032
DqhnpQWjVybyuNXMtHXGaUEvDreLeGrt5kszWoYrGWUq,0.01347032
DmDZMTCHpYzbAKvoFjw1N25ePCfHKeETTUJMG1HMxi1n,0.11097032
FqUH7u7Posvrj6eJ4dJBYz6P3XkoDfK7qMxbE2vgemUF,0.11097032
26K26hBipQHTjULUZ8qPfioACcsEzxDVCJKsR6CkCKc6,0.00847032
FCRpyv7UNUBWWTuuaKKuADtuWXpk5caUG7rNHsebyR2E,0.00847032
3gbngN4bSG9Ta5xTUhgdZeAzCi46GvyaF3RGsqcwqUMu,0.00847032
3wGaMaB86nSKbdrG8LhEkhs6ZWddpPAWJGkJTXNinQs8,0.01347032
ALc2MWCG7xbhfqAhunxB7YPRtuFmGx4hQeFfEdsaBeVb,0.77847032
7D4HX1xNpcuEt9YQEvjCcmwCWfeaaz4LRGF5KMfS1pXk,0.09147032
EhCbguWbvEhU4qvQMduMkFXBEZiVBFpoLR82pPdkecXt,0.90847032
4WLUfvHQcyaxaCbnAbLpndv9o8Sv3a3UGFyY2kM3euu2,3.00847032
H1kMrGG5Y9Vv8E8cdF9Ac9o8JVwSRSvDR7tsviZKJJh5,2.00847032
FzyXeech7vfhpSwLnwBaPbKE1aJhzq4RcCxSCAZpvY5,0.06222032
FTP9syAeKTADvjVYTGDKnYxiD3mxUvsYCPoLE97of8cu,0.35847032
FA5HKkAuHHApjt3mnLD43yut7Sv652kS3pKPUMVJHw1i,0.00857032
agYMisFcqJ8b7akW2YrJ66v86ThSChQLjjFbMh6ezGg,0.04272032
HLPBBrKzjSXsAHbhbG3yykvfx1rYbovZQ7S8RjvecUoJ,0.02847032
GJQAFqNJLUmP2NFWQn11mAtbmxfXpbDbY1FqXDdHyVdo,0.08547032
DwoHQz6F3A9uKu4TspttQCV5wN5orRxSVAGDTUxqWEsN,2.50847032
6WJH1FvE2K5RBmD4HLRzeCYE1BgVV2uZ3iWo1DDk8Nzt,0.10847032
J1VQ1aBT6jKQgiyME2JJ8Z6Mi83Q8ByCkN2ggkgjrchk,0.06222032
GcqTxZYrDwNdVJ1SXqP8Gz3R8cxrYjqEkfKPUVsntnT1,0.06222032
9NYH78KBHE4eYCrjHsEXVBV7v8fFFEQMPomkZQPREsSo,0.01347032
3G8x2YYpWyboozZVXQC2qDamoyhtooFf4Rv9mygJAdzu,0.04272032
68fQGzvN7vRRCg1auBRwU9pD2G3q8o2qNKHCHgb1PcuE,0.40847032
GpKLp6Uiufyz3wbkGhsJbi56uxFzyzPveMCn9mSnNipy,0.15847032
9QhzHqY4MLxKDEfhnG9C9tdFVdyFp4fX8WxvNharMu3,0.03847032
94xtp6UDKJeLwSEbBJJF2iSxNx22CJRDmyRwsJKb7KzG,1.00847032
4UVraGFmEG1dqS4Dv2QVJCkqyTqp9eyhdxwk5ZChj5zE,0.10847032
CVkXb7YVCTpEX7EuQ3MeXmeUtQKaEqe9QMJovDNuxkDz,0.34147032
2NiCaz1M3DUx182Q9t55vv77ZkjLDZsGc2zFngpZ8f4k,0.23647032
axXXFwwLaAhfkxDJGHiyn41e3Q2T91wDV99z9eGCTcQ,0.06222032
DA46J9LTozi2XCAdXUZ7AD8yEtWG4vyTLw3oBP6sAFyd,0.08074532
4QgpFjFoirrQnDRk6uxcYyLYyWfQ3yGP7tYmEcNP5fkg,0.04272032
Dy6VZC97zmnsF8ogR1DcN8TmAwWa8unftSSePHZ227VX,0.05347032
CPqfQ4wAfboBdQSucqh3ykWUFz5B9RsiiJZQmf32NYvd,0.25847032
BFQQkyFsx5s6QCa4L9hd9jRQve924Y7iBNeHyLqEBkA9,0.01347032
5eoaUGqULaMVM4eBXxtx3mZmgwGxtEkuZtkZBtBPDR4z,0.01347032
F7kZRmu8SczW29CtUTfoZLH2dKfWXnCCMi2eH91tiAST,1.25847032
3EZdnARiihQx4mL6MWtuwVXxQ8grNdY6G1ZTkMUW8BUe,0.06222032
7njM424ssaCrkzMSCQ25DkuFaCKZeyBFPQnt5xUkyUQr,0.01111032
9VfUS3reHWvdQHMFqssEuYufJkDq1xTo3QmDqEeVFihW,0.01347032
3uoptxVinu1NccFkemBNqtUBdkuV1ib59UPfEiBwghH7,0.02322032
3z6KakQ9uzGsGcbdq95wTe8YKiRpZ3pontqpCQyB9BGj,0.33847032
5a7QVKmFtxPapmqqBvAuubd5e48u4yDDj842bXAiwRzk,0.10847032
67T5QkbQozD4u6eyRxvgdgZk3eVyWeRsmRnMdQEB9KiP,0.66847032
5hHXRxRHEJPhDJbp9KpirDf7EwwrmF849F6TF5NZ2nJf,0.01847032
7Qyk475AB8pJP4xQtuiku9cK5pMn6mja8xFZNVuvZwdH,0.06222032
62ZDA61ENkzZj3eT9iamPbKqWzbATfb7PqqnF43uRDN2,0.03297032
KHSrmX9WZbwK2gpfsHnoHioqbZcepRvtfuepbtesCAJ,0.01847032
3XnBUaHboaVnSmpysUU4ZUyqHHhWYqjzXkzRyYGw16GP,0.44847032
51nSi1ks6RkqD84JV2GK1pfpEWgbVeCwgJPt2xpNe1yY,1.00847032
7SX3MVFJcvQddpdZZWa8jF6K4amPcJjTssJNwmqc8F99,1.00847032
8NLhG8ME4LXFhUeiDvNYsK5kjLvb3h4EBi8mRsrP8D8K,0.00847032
46DpNCqCyPYF7WE3MytA7rZqrJHgJBaDczu7twjNL1UD,0.77847032
1Zv1YRichCbiLP4N4Ju2y23axbFNeBqMWWFMEPWdcUm,1.00847032
69BzXQLZpK3soSnQ42YMLatEGg1EBB5HjbUwzEBv3mnb,0.02322032
3jDYUugpPTgLP3yxdHUUuJYD3XrMotthdsJC6ApgvsdQ,1.50847032
7asUDefbjsoo1xp3RuvNPksTLf2oWf4XMH8drrfv7GDQ,1.50847032
JC4EZjMmAt76gMt4xBdSgvGKNAeL5vE7MyiQTYJwaBAk,0.75847032
8Syg8kM6SxyFeXXgXfbtPw7W3Eyt3WiPztgYYuAVntyk,0.01347032
DeQ14DAMLvqSHcKZ5HQMS3etuHYq2cW1r9aRaxg4mJhS,0.05247032
12g7US4TeBHqy5XfgcnHtioQgcVpTUks84wVTYFCk7vP,0.16947032
GzSvdE3MVcm3CSrFhrntJT6FeZHqhB2Jvvp1aNPZSXD7,0.02322032
5PBPSAVCjQGo7UFa5zfVHw3ojxQUbTh1NcRUzN6oHR5k,0.01347032
5mDm8fuJXczaLsXy6SmCJsWFqTTnkncGfygbnq3vDxmY,36
Gj9wJn9kuBUjmYZVgtJkd8bA4a76KPJ5icU7w5avNPQY,0.08847032
ADMnBMrq4jwkgzZjyjdPTvNibUMrGBHaZNxxyuBPpSkR,0.07197032
FgYq3u23smQRrgc8xes28RuogJvQoMwTiP5KhNVJ67ZQ,0.01347032
2S6sHKwrsd9oBd9iBxxKmiMQND6yUyBGLb4KbsNqJRyN,0.06709532
BvPrczqzkWd4qGZCqybckuBz8GWKJ8NXUqELNY7rt58Y,1.50847032
HMDquiBecs5a17RA8WWmMAqnS2bRZCEWhWxXRbkkfiXp,0.11779532
3U2TR1Mc7jhAzcHLVmUyvfdYKa9oBpk9NF2ko8S3gBxf,0.01347032
DhCX6ynAewK8Ec5i2hZthTEyJ6bDP9wsKMfewDZ81HKc,0.02322032
F7JvSe3HeF3c38Tc7mdbP66tbcoAV5JAWtRdpTeHLPVt,0.07197032
QkULhhfB8JXD95RJ9NhUvEyoEhDtQ4vjrBqSuCREske,1.00847032
56DVVpsStmdfi2KNoT4SqjstCYcVtyAymLCzkazeXbzB,0.33847032
5XFQCtz7asEKzPvd8RCVn49goebHzUQzFNZ9XZMMaXXU,0.05247032
5M22K5eEjTpDGaeWVjnx33YtVqsSggMCtyUgTosq3XSu,0.88847032
E3spUEhGtGiHoFE14rcYZ4wgFYTG6hhQCav6SK7yijQj,30
HZweAr3DsShDqPT3gQcKRahNj6QUZTKvdusxUfPaGsA,1.00847032
CurPwDB4UQH47KANxuydcNzg6A1xyVgQ2aSvSScmGVhn,0.20897032
JCf7YnYKRNMtnSUeEiephpM8P2Pzwicf1XwJXExaZKjy,0.05247032
Cmbef46BLFZpoDYEGc548M3hjMNMNkiiXRAXAXagEXZ7,0.01347032
2BrMLptniWC1HqxqD8m6WRbmRwNYNqVTo9NDu5jAEHwy,0.01847032
6tryiCMuTHAPdGAX6gqRYqhE3Wt7AT5witaurW7ryf3b,0.25847032
J489VJ8QEZb3FHeRiAeDUqV7Ugd7ueRCciq57pUtiGtt,0.02322032
74hKfrJgUSmPaocqxuC6Weu6HvCGWSoVEsidMsTAs2rm,1.00847032
92Gbn6HB5k2s2dwakXnoqWYy8YPPAwECeSuAwwN2kocU,0.06709532
FCRpyv7UNUBWWTuuaKKuADtuWXpk5caUG7rNHsebyR2E,2500
ZKwPLo9xV1rpoKddmqzN9TRmF8yzv7cT14LFrU1WKDp,0.22847032
G64CmhSUjw8XftjEvz3GfzkQK9DnFSAAUSt176LD5f51,0.00847032
4DP6ZpDAiX5GyBCq2S36jZyV2pfcxyATnDB2H3YqETYv,0.55847032
4wAhdGe8nAZKoKhX8sNXh3JYYLZ3uWFtLfx4GrBXFoxu,0.00847032
pMYupoxQPGkDEVJ6VWnX4CK6uFZUAozZ5uPMovLnuWZ,0.44637032
GxD26fbSWQ3dakMmfNJu3k2MrK3r7mCExKT2oE4tXkfN,0.07747032
9LyfrDTnELVzhMQSpjPo31YEfXdzxA5St3DWb3kJFyFv,0.09647032
4yHmjFYZ8Esjmbq4Cmp1MCGWBFfXexTZV8oasuAGkeGP,2.00847032
DqdT33qvevZFbKUgVjGchAUvwQcAYNUKLkhTQgZvJLKc,0.11847032
6m8ubjMnQAbM5QZrS2uVz3cqpSeqq2rYj3eV6KRWcBA,0.55847032
Hmqi5HrsUsEK8QMYzXL78fK2P8PnRNAi3csHM6WXWW7n,0.05847032
rH8PygwCsfDEc86YztTheJUob2ZFirj8UJZxpTT3GZR,0.08172032
BMCVi6FtmqfGcnK4XKCkQq4cMEhQZLmepSaHUpNraFCr,0.09147032
BehXoLbPT8E3KKgd7xTHX8uyM4jUKGSa7aLYD8HA28nK,0.00847032
cFUFzEGuNjhXQmpnZWoMLvrRbszRZp8dncU8gBdmhua,0.01347032
BRe2PZz2N6UxCkpS37zUiYF9vuSREmUaPawhKnGjNvwf,0.15972032
8aYBWAz27dQhJhxUHZCeAhjYL2SmLZYKsUyLrq3wsiFp,0.08172032
3UsmQBbsJN7KkN8xg33kRjNQbKLcy6yXZmouQ9h4hFV3,2.30847032
9uYZLwg9grwc3cyMqvdT6SQWvEGBo2SBbYYG7578u12E,1.00847032
4s4fWF5FqPET5HWXPhoUxiUPxAaXD3jxPmYaijgthwaC,0.07197032
BtSV3qhyVroPQpcYD9xBn2xLQBwbrMseUL8foY4a8ekf,0.50847032
BNDaExXAv2j8VuZQmjFWrE7fxhkcbeMR2uTkwKXT4Rin,1.50847032
6m8tMdHZxRuK4RFcvn67H4B8ojZnapuogzTD6TYgysjj,1.50847032
EgdqvhJFGqq7jrKXV43BsHdzyBycg6zKEGHVUQ8N84DB,1.00847032
4XaNPYdZwaFpSxXubnx4DLtQBDazb4PHTFVUX8z3ULwX,0.80847032
AVBWCxxJHTpDh7Ms3vQn4Z8ajS2zG7rkYSWrkaiRGAAK,0.33847032
Dg29jKDRJg5d913NGxp3wy3ZqWctx6eX15iUmhX2pyq6,0.01347032
GWv7xes46a574t4Qy4TWU7yTJCxxYqz3drgAEqpzk7AS,0.07197032
7FuvR7juYB3rLyrUjfoc8wL9cwoSARNP15cXKroiBPD7,0.70847032
GZUT1cQJewdvu9cLswcW4mwZ8aXYt3g861RGDQdLAfsj,0.06222032
3nEP8ef37zk7VCui67GMjGPQyPzCfYYZEQ4JmNrr6MHH,0.92047032
E1h7dJWYpd4psFYWUhVUqRpUXHRbTq7uviUFMnsWi8Pb,1.15847032
GjZy8nuMbBvFueNcheuB28usPQmLfKdzH69xTFomEfHf,0.01147032
AtkoQDU2RkneqLSkQx1pRCimxUrHtHsnNwKfs4mxVoNL,0.09147032
3WiPhBwkAy1PpFXSjBtmCepWJNpU8oTHBESm1aW3cSgF,0.01347032
Dn38vGtyYsiEkcE1jrALDjVrjERP7d2yXfuAUS1UJkEp,0.78847032
6ak3GMxNBQtKmimEGByBbNWWkFy3NDtvJmJKMrnZBL2J,0.09147032
HBApRwFGeo5W5ezCouhn5ftsqfi7hmpWRKWEYga1b7pW,2.00847032
5cy4snHmF2RHo4dywBFbDJtohEDrtQDhkNRaJrZSqQxo,0.09147032
BGVyZwEbzVFrzHTvNjuLHqRsQYE81F7aKgpvr6F5kZGB,0.01347032
B9KZZ3DaRX2t9NfLv11q3N4qBYLftaSuXi8ccBcTfmyv,0.18117032
4iLBWfHNM6AMPUAqMef5KMtGCGbxEgUQVnayK4UbDyjZ,0.34147032
3TBXKPH5bbAatnt1R54KvLfCecNrtUZ7LdyJuj1H3ziC,0.50847032
CZT1nxViQRDcrMKsmmwBWvbkWNrU9qMsNFzY6tu53Kp8,0.09147032
3HuMQYwNYC7YnRvrjs2HcHeC1VbnLPwGpcWFoLPTH2FA,0.01347032
Cfxzcj3y92Bmd4NN7FtXjA7bZgi91KEr4zk539QptTjP,0.04847032
FxqSpK2FQ8Uedihh8H5mUoAexddzhJgzLPB1xw8hJWUE,0.00847032
2KajSrMYoTongCzak2DRTLrc6pRWkYCSD3C3SoSMnZ9r,1.00847032
6a5sjUJJtrjdyYxYMTw4EsPEKGCwAxQSes4YGmd3snVf,0.05247032
Co62uspfba8ZoC9vaAQ8A4DkLDgSM7FiJFDaajm6uw8h,0.07197032
FowUxarVUi2zZhCWyoDh2mM6RspVgp8kFhBWQzkzQ1L6,0.79847032
84CibvARTzv2A9erJYtCCvTRoTGNB1mNmnhrKdPpdyMS,2.00847032
CAUKtS3AsPsJpR86LeJWvhCi5oATagFexYqzGNwj9gCP,0.01444532
DC3591HRcNjaZyLEakybEUa8sCWo7vmgCcccrvDDB15A,0.50847032
31zkUuMto2z8ZazQHcMsAVTJZoYrSwQC8VgoXvUkkfHc,0.07197032
AEAobS8MmkeJvbWeRFYCrhoZBHTjaTtCpECTfiRJz18z,0.50847032
9BiTQnFnNEen1GgXQPrbefbidBx8zpthtg2JkPZMXEEN,0.02322032
357NBzTnKNHMdbQBAkuzVucVqeLugv6xM5KQZKiNQRFh,0.05247032
FKAXNsfxmqTvauf1gCcTsPeqnsTQLDq7SZSHmtpRu2eA,0.30847032
CLoLHg9pYtRmM9ezeeizXnJbC7ghTy3p9FYhUE2TPyDd,0.01347032
GLDeVq7x4iCZbwnaRwY1R4BBxbVyfDkPo7aov8j6g95w,1.00847032
4A6Ps5RXX2P91bMUWvFQqbyE17WgjZny4pQYRNgnzUvS,0.03847032
ExaNx3t9MwCKoiFsuiCjWDuSQjRc2NY3MfhcRjck9rdJ,0.01347032
4JbmRyr6yEUJBWVTdjgshPe7Zray74eEhjip5n8FVxJD,0.09147032
9EHFdq9jfZEpCcefAY74nQHKjvwK4TLEnfY3CHQJwNLr,0.01147032
7LCoafjJL9W7rrYDPkoGYY78kUFCxvaQwFTM9KQ6eLTW,0.15972032
FkFvoiGezrt8gVcUqG8Yf7KpTitYnVPLHxMV36aJd8FR,0.90847032
Ax2Ht9NHn7z11A6X9nTRBci75cLg6txEgBpUrPkMg1DP,0.01347032
9gYH9DKNxRJc45VWtxjaQw46rhHWk2fQnohHuGYy8euU,1.75847032
3t7f7tv9rypzkou2JZLYY51i9CgEcJVU5DYSB1bgHF6r,0.01347032
AmQB18XLhG6UqvuKGg1httjndXYGN1E2wEXrbbm55Vdf,2.00847032
8MDmbP56Qrm8puDJaw3AswSkNVon2s4RkShJUzGkb4XV,0.01147032
A2JzDprXwqscadPLgD7by9Pq9pvyLQkcTU8QvQ8uC3Jy,2.50847032
E4dY9c6aKBdkPjTDfDx2wxfbfaWyig4k1zz5PkZVsGCj,0.01347032
77KABZtH2P5fNdLLf2b647CjnWRFRz3o2YwdSF5gpMUk,0.90847032
5V7Hpx2arXx45hSw841Rqn2chH3h5dxQmvwv6jk4oCXN,0.01347032
7FsvR796C92L6mLq5w8SwbAamLrfH8kRweb7xMRWD3no,0.00847032
EmQmraMFpk4v52696cewYHXs4WYBuu3GTenhbah8cULi,0.80847032
3JPpMxUrffdjZUBWoWxrW3WGmyN99LmmWUsGfQZcfiPJ,0.06222032
A8qhS4CkPkvKMTsz3zfk4KqVPCaVWWUoz2dgYkDBEnAo,0.01347032
FcLAuKpdfeUjCQhXaYzpU8YrcUgvqdBsrN1Ku5akGYqc,0.05847032
DbJabea8X6gR4LKvu1vY8nnhs9ChqnjHKw7MvtqNYKF9,0.00847032
DxBTnxy5MWZ82RowNZAnNVkUiwEUh8RFQR94Zw4gp27h,0.77847032
72tGNE22BVw4CfWGGS54FK17cNeRS5pCBvZy5FYiM6Te,1.50847032
2vacAoJd556KJxfq6WW76KZLXowAoaNhztJCcHjNGbC4,0.75847032
Hyzeq2GMJAjX8wfU3VfAfuWmD92Nwtv65JAkRvzHQ6Nw,0.00847032
bFpFGXzNyVRccTHvEdTKkDqjgTgXL5DzrWxxtZwB4To,0.01347032
Bt3bNR1eTP3EZuvGYd3cjQBJqEZ6EFruAxkWYFRYnqdn,300
DpFpTsaZ79J1fBwkUQxB96ghdxs7MzTahWdLo7uGaJgA,0.15972032
8u7KU5nHA6JrpHYaRaom5YhzpxXXx9VADvvKBfCyqe7M,0.01347032
GcNRTXQ3AnYbv4zxtXanqj6hmkQoVBmFDTwFMg8Nsvxp,1.48847032
6hM3TBcZS9ELW5VvgnaK6srW7Rj8XfDfqyeZ4KgrZhKn,0.50847032
FhTFiwAvQyKWiZbMExRJ4UWbuu1QKMuKooLczGPPUAGG,0.05734532
Ho16qzvN92EYi51sdfkhSvKWp1Ykxygzkts7M6qY1hqm,0.88847032
C1VdwPty9FhMoukZt4egCtbtrjhhPhjfJ28vovUBWTa9,1.50847032
AX8FgQbGYEyggruZumWMX6iZPrggFhAzN4qEZ3KM6jav,2.00847032
CNBy1seFV2WxbYpDxsV7jmzSZc2hxmJUpBYLdygp1mZj,0.00847032
FzrxU4H25myHpJZ4VoBKL5SV8iSA6DdRvkx6Vr5tsmAf,0.06222032
A7oWdurzCCabmVort8tQfASH5XewP3yPrmfNjdqtKSpk,0.40847032
EgmrtxNHtws1NBdyAaTM89XxpdC93KaajjxiwLK3vvzZ,0.44847032
EvHfRyspuG6mStw5PNQPSKUNUSTiPbQgYY2Sg9mGLYZg,0.49847032
26iYg4Fh12izJJLQQZRrdqrypYRkyxEPpWh5BE76iKMk,0.45847032
GKRFY6vj8zDjyJi1U18zpYV5VVgY3vstatoLc9HLS8rK,0.60847032
338sjMvzNj6KK34biqeBrFUHPdsm9jpXtznutx6NZpch,0.00847032
2aymfPjVX55xWUV3wmbjBUhs3CinwZ2xtkHcJ8jTonpX,0.06222032
FCUyy4tPeHRADXCCCU58rxMybPAW3x6pkDoPQW5eCNne,9000
GstGv19vqvSux6FbZf6PDZYhfv55We4dvTnPATr9LwZS,0.00847032
Gz1HS4TMJR1XgsjrnDUioqAU2ZCqHSUhR9yxbfoJprfa,0.01347032
7YGSxJZDEM13xKbCakMmj55XwZW735JV5pdhiSNc6YoG,1.50847032
CNe2abozwKF9Kd9VC7ZMUBVHbyfNKNTuoDc6vmNd6ie,0.01347032
CVwk2deQq4fgMbnUh5drkQDc4aLi8PHdKLpst5BU2vVj,0.01847032
3tdWGUiB6sesT9uWJVPv2Vryk8AGFuyzh51iNNe8Mn25,0.50847032
7trunEUaa2gBpWvm2xSJqAkpwZ29auKMQXkQMvfRULPn,0.07197032
ADG2T7FeLTCAaAS1HQEZWtVXRbiAjMq1bUckB8KcerRv,1.00847032
GWmSAqV4vRrMuUboYChRxcPYrGJDv3iGdeEtDPJLnxve,0.15972032
FSoY23aVW5C896UQUYNXyH2QhmGALSbDYm8PqojfPAPH,1.75847032
WCu3CGpSS65wH7BPHRdi1EsemxfBV6TfsNW5s4uMq7P,0.01847032
4v5bTWPM6PuwVCEFytkn56poZWDUKZVCSa4sVEjziWq1,0.15972032
DQW7aDgBcJuV8sT8WHHYYw3NNwD7tBEQckhKpoEkVMbQ,1.00847032
2HJk7Mbkt8bR2aMi4AK3Ruvny3EGw8P3UtmuCz4CndDd,0.07197032
54GMCpWEWbZQ2hxH8ckZZAStc2mu6ZrQ3sW9An6US44E,0.00847042
3MZy1Dhy3kZV32aLXm4av2K2Fr1RdFKnGWxnArckktin,0.11097032
6khW2BGGBJkb8bTyZCYgEXqups9pDEthy6ho8GssNcte,0.22847032
GJEQBegd5pCpxYYHBj2jCAp1owUXFwExydc8iQ3qE3zR,0.01347032
3BNyvBmGZ5Qgxj9icHnPyJyqrwFLUPVB1B19uad26xED,0.03847032
2M8FUc9bkVRdsKEbJiGTjXh2XweViqAwmoFDzBhwvn8S,0.11097032
CiznkYNRZFa5LuLFkFCL3K5X32vxHCvTXa6KK9CU1ab6,0.02647032
GawRnByF8xzSTkskVCWCscgtk94Uh5XZBXkNFUnZDKj2,2.00847032
Ex2GWxz4yDhsmqdWENWWRCpcLVybQ8NmLzQP17CrRhwA,0.50847032
EG1CN7KzUfyMjZTBUX3K31QgNipWGbVGsBKivcrZB5zM,0.00848032
AtKDF1JaifWwzJkuu5Gta9BY3EfpaFPgV7sXV2AY8Tyo,0.20847032
HhGfZjMgcXhQUiHYKXfsGM1ErK9nrUr2zg8fAMUP63oq,0.00847032
3vsz2PHGTbtWjiPyMB6bW6wdRbgkzF8PStzj3TgbqLSB,0.33847032
18BaUr6hqbPFzLnwUcgDEkhVWb7adNoJt6ri4mfocq5,0.11097032
EfqWfwj5LrbonVse8GoATD2itn632EHZPZ1mfkYBLH5,0.27847032
532Ff2th7QhAKEuJxevCosuMCSomTw9TTRDRuNjxRWPs,1.00847032
DHDgHarWjZhCDFwYq3RNMyaBPBmv8BYCoq4h9TGMP7mz,1.80847032
88FWm1bkHitSC3PMVWu5ZLAS9VEhvCGDp19w18ic2wV9,0.50847032
73twq93NSagytjEaCT1ur2jXpA2RuqQ2VGs5f7HFuXqr,0.60847032
AQuixEUPs85gkLhqjqbFKdsctE6muD2Zxak9MeU7NijL,0.10847032
9FYo6zEgTGa3KfQERUqzj8EjbcU5dMd8EJJz7oREuyyx,0.08659532
2H8L8FQY23tf3AM5NRybD5N8e2Wha5AbnFyPZXCX4Rdj,0.01347032
BfBnqCXGoMLfYHvswa5Yyb2x2Pqw1FBKB7BAkBHUkfZ1,0.33847032
9LwoKsZfaZDZqjyzqoy3AsHckrBLz1BV4SFhJxzdCEKr,0.10847032
ApgLsxJpR2dHfdtWNNLYUSLzVjDgTzoazVnTatcVDpJr,0.06222032
3NaDxh6sYj4axYRCjFHPs4eQ9GxqHjE438mui7Aq66cR,0.08074532
4PEdHWfzNghZgGjjc3N2TX9Gd9AM7LEbt9Soc6acxjdD,0.09147032
3HMEHKs4Bguj14zdGVHxiAE1VxrRWjQRRv4ZzChTruor,0.50847032
7mqETrt47yHM4RfXu88CSfDoiM75a5FcJS63fo75hGVV,0.00847032
2aCD1dKT3ZRszDM7TTaQQHbp4xepitjTS21rdpyL312D,0.88847032
Cov4ZqEm3YqdVFAAPHBDNRsU8AhfW4Yq3ph3NxwGMZoJ,0.06222032
DXETrweWBnBotgZETFRRRJm6CNMsDaPtFgM2pGipvvmr,0.10122032
EEHNEqwZfmLW5tDe3xWwF3zAa6RMRaC8tjmb24huwund,1.00847032
7aZcCorRDocd5LvVsScE7PUsZFbqbx7aV2pVXud98Hzh,0.39847032
ABPmU1vz3BuWuyMe93AXYdxLAVgivdhNJvu83hYLx1ao,0.06222032
HykqK8auoVADWBthB8bAMtHDSm1Rhv2JgmHCubR5LSKn,0.01347032
9VZ7VnqVD1mJhXw63QERyUiLZY4LXSL2QgPQ5avWQB3B,0.11097032
D8EvrdV6jEfhonXsVctJVBzDDStMaa5oJ7bFdhuYFYv6,0.06222032
6zgHdsCe1MLErgDWrTA3xsXqT7N11Dghf3aoA2sdonfy,0.30847032
CTxBvRLmCiGPaFtXQkGw7zsiNxXX4JkZ1m7Ar5wUERCE,1.00847032
7vMZNephsWmaLTGE3ETCGxw9sv4sV2QrPF63HjFTkcFH,0.66847032
65A25APKjvKuyeh1BxdkWFLewcwj3Fimsux7ZNBvaUgY,0.00847032
5q9nGdq4GtWZ8xsiUQ4L4ugJ152FuVpFTYP1oAdrWeEp,0.01356782
AAMfTfWSkDPR4ZCViqhasLFqHYDoHFXiVfr3QA7S9CTz,0.06709532
4vY8GFXvWtkaTTZyiu77Bw4UmxCdmMS5nd288haNg2g1,0.10122032
5V2Etiw9nHKx8KpCBnFzGC3K45HNpEWd5txBdh6Aaz37,0.49999532
BNs5TU3UacqHGpSb7Bq5qE4CJcH4jmhjRrgtsgVbyTKy,0.99847032
AcHXLW3AzmnU4787JTxEegvdQYqXfmM2MXt4RNpJ73bK,0.10847032
GqiVYpiAQ11uihivCZRaknyTbLrKMoQaC5XwYc1mk7RU,3969
8fdzgA6Au2pd2qtxyHxX4EwfaSCMcEkKsT47fom3yQ9U,1.00847032
B7jNfgJqfVKN6hcNr3DeuZVfzvmgpfwvjmRgVpgFJKr7,0.06222032
3iFKGPgbNoZa9gYKtjtMae5JQ59k3BMUVrNFsdezrecu,0.00848032
ATcGGqRsusNsfByHQGBkGyxK93Hpai2vnH8eJceV6DpF,0.07197032
5MmvTBxoeKUWmzqY5fi5DtoQw14o5Gn8qgJMeaSGzGeM,0.06709532
7DSAf6ctNK5Y5eEifiXWq3p4KuJ6CmFzmfdQf4WgosjA,2.00847032
576uMiMs8LehsNrd2jYFFmr3zCFTAzuDuyxFPDaUQe5j,0.50847032
CHCgSx7L622XxJJS5i1ixu2AjDZLQJrafNhVWjynz1zY,0.11097032
BKamtDapKsgvp4wYsEtAyDEVvc9c15hqcJqHuk29jKGo,1.00847032
DmRERfUQ51KobR28BHwL3266xKVCpzARqBoN98kwjPeZ,1.25847032
8tygqHsAm7VFRj8ig5irnMsrG1fREJAVR6KnEwkUwxbi,0.50847032
3uima47Q4myA1jJ1XYgMQynyfzsbV4UKVNVR4dvw6FMf,1.50847032
3tFNXgLDWpmhyXSn5s4NWaomf79RoravF4gJ44QuKcoG,0.00847132
BFEsZtBD8fdYE4BWQv2JACKgKpd7rTq4ynLmjGktsa8j,1.00847032
BLfis6h2xFDZMMdFtjY7v3iQtnV5RuPGhPE7mU7DPmYs,0.04272032
ARpeUS83c4UmABzrxiDydGCBAKHa3VdWgdAyZJNiGtq9,0.00847032
GwjoHyEc6DjFYrVe3mqJ9qzYdvTNQa2kyH8mvNRDAoyB,0.20847032
ShFAQ3cVgyDPkkx8SqezUy8GHEdTWmuNyfDSYHSRuKy,0.03297032
6hGDcAkBWLV1wYgVFG3cobWgDoe2G8CwneiR2HiHxp9W,0.05734532
FoThUSATV7sj5AF1auG2365GTBvgqJ84RgQWrJK2Y7Vx,0.50847032
J4YerAQxifCZyS95nYtX48BFGfKBofiyZ1KGJ3qjM9JB,0.48847032
H8L5Kx3Y2QwqPxNgJ2oMGfPf9DJLNgAiG2mn4HFMngg7,0.75847032
GeiY7EuZtgVdectXzfErwiYT8sM7sUtFgQ6kRaJpYjCV,0.25847032
77FLcVui3ucR2TU26WM2rumFZChkMLksZyzEuQgZV5Cp,0.04272032
29iR7vAbnXDEjHjH637oKCyk3NzGJpx69tFFmCMmeFuH,0.30847032
GwgK1fkVYNZAnPPqWWen3XEsj9dCews9oHpHWwmJviza,0.06222032
HsscGMjRmQaWpFcPptaV8gpLNV2ntKuNSSgjxDvQQaKV,0.00857032
GxhQxZv8ixJEVXaNABkWCa6WqaTfjCWcu7RDhcz5Ej2c,2.00847032
2exzz5nTGw35r9UDhJqD2vWSTP7NmQZcDa4oRgaTfdSt,0.00847032
BYqn6HBJNiL3JP4eknMTDCrZ2wNhNoKgnqGxc7Zyin7A,0.20847032
6iYANByskpEkgxMPafH5LLJG6VcHQCVtdnN6PrHoG16E,0.01847032
8zWgt7oiomjYtA4Uvx1mQK5JottjwSagKb1imja6BPiz,0.07197032
9XU8C5y1ha8ZvQ9kT7ThRZaWnjEhGnY6LKRt1LKSpzPM,1.50847032
Hq8W6jAksRBXv3XjAbqPdQfSJR2JhxUi7Fnz9zvcwjyZ,0.75847032
5KU4gPQNX4yKLdKZrrZJnA3PYCLZmtyrbsxSjXZSxBFR,0.25847032
EHpVkmHZPmjEHWDuPqcxQB7Uqx2jhtRZFtD6fPG5FX7t,1.20847032
2qkXC5sLGhMaRaBUVAKKiKE9DuVAdETsa55CMa3rnCxZ,0.39847032
GFrhrvWvu8L8Xje52XN9diaEAW6Dg7ZiUtEJXF1HqWSL,2.00847032
5PXzHyrV48ehjwKC8mFtUAG1irCro7umU97yz96RkE6e,0.00847032
